{
  "type": "FeatureCollection",
  "features": [
    {
      "type": "Feature",
      "geometry": {
        "type": "Point",
        "coordinates": [
          110.3695,
          -7.7956
        ]
      },
      "properties": {
        "project_id": "46b04b405d70c109",
        "project_name": "Bandar Udara Baru Yogyakarta – Kulon Progo",
        "category": "Transport",
        "status": "Unknown",
        "budget_idr": null,
        "budget_raw": null,
        "contractor": "BUMN Konstruksi / Swasta",
        "funding_scheme": "KPBU / Penugasan BUMN",
        "pjpk": "Kementerian Perhubungan (Ditjen Perhubungan Udara)",
        "province": "DI Yogyakarta",
        "regency": null,
        "geocode_method": "exact_kabupaten",
        "source_url": "https://kppip.go.id/proyek-strategis-nasional/bandar-udara/",
        "source_name": "KPPIP",
        "scraped_at": "2026-09-14T20:59:13.909687",
        "created_at": "2026-09-14 21:01:23",
        "updated_at": "2026-09-14 21:01:23"
      }
    },
    {
      "type": "Feature",
      "geometry": {
        "type": "Point",
        "coordinates": [
          112.2384,
          -7.5361
        ]
      },
      "properties": {
        "project_id": "dabc6a97c07ac848",
        "project_name": "Bandar Udara Kediri",
        "category": "Transport",
        "status": "Unknown",
        "budget_idr": null,
        "budget_raw": null,
        "contractor": "BUMN Konstruksi / Swasta",
        "funding_scheme": "KPBU / Penugasan BUMN",
        "pjpk": "Kementerian Perhubungan (Ditjen Perhubungan Udara)",
        "province": "Jawa Timur",
        "regency": null,
        "geocode_method": "province_fallback",
        "source_url": "https://kppip.go.id/proyek-strategis-nasional/bandar-udara/",
        "source_name": "KPPIP",
        "scraped_at": "2026-09-14T20:59:13.909687",
        "created_at": "2026-09-14 21:01:23",
        "updated_at": "2026-09-14 21:01:23"
      }
    },
    {
      "type": "Feature",
      "geometry": {
        "type": "Point",
        "coordinates": [
          121.0794,
          -8.6574
        ]
      },
      "properties": {
        "project_id": "17e055abd3136e7a",
        "project_name": "Bandar Udara Komodo – Labuan Bajo",
        "category": "Transport",
        "status": "Unknown",
        "budget_idr": null,
        "budget_raw": null,
        "contractor": "BUMN Konstruksi / Swasta",
        "funding_scheme": "KPBU / Penugasan BUMN",
        "pjpk": "Kementerian Perhubungan (Ditjen Perhubungan Udara)",
        "province": "Nusa Tenggara Timur",
        "regency": null,
        "geocode_method": "province_fallback",
        "source_url": "https://kppip.go.id/proyek-strategis-nasional/bandar-udara/",
        "source_name": "KPPIP",
        "scraped_at": "2026-09-14T20:59:13.909687",
        "created_at": "2026-09-14 21:01:23",
        "updated_at": "2026-09-14 21:01:23"
      }
    },
    {
      "type": "Feature",
      "geometry": {
        "type": "Point",
        "coordinates": [
          119.4327,
          -5.1477
        ]
      },
      "properties": {
        "project_id": "ec82590777586fea",
        "project_name": "Bantaeng",
        "category": "Energy",
        "status": "Unknown",
        "budget_idr": null,
        "budget_raw": null,
        "contractor": "BUMN Konstruksi / Swasta",
        "funding_scheme": "IPP Swasta / PT PLN (Persero)",
        "pjpk": "Kementerian ESDM / PT PLN (Persero)",
        "province": "Sulawesi Selatan",
        "regency": null,
        "geocode_method": "exact_kabupaten",
        "source_url": "https://kppip.go.id/proyek-strategis-nasional/u-proyek-pembangunan-smelter/",
        "source_name": "KPPIP",
        "scraped_at": "2026-09-14T20:59:13.909687",
        "created_at": "2026-09-14 21:01:23",
        "updated_at": "2026-09-14 21:01:23"
      }
    },
    {
      "type": "Feature",
      "geometry": {
        "type": "Point",
        "coordinates": [
          122.5,
          -3.9667
        ]
      },
      "properties": {
        "project_id": "fbace0d063489c0f",
        "project_name": "Bendungan Ameroro",
        "category": "Water",
        "status": "Unknown",
        "budget_idr": null,
        "budget_raw": null,
        "contractor": "BUMN Konstruksi / Swasta",
        "funding_scheme": "APBN (State Budget)",
        "pjpk": "Kementerian PUPR (Ditjen Sumber Daya Air)",
        "province": "Sulawesi Tenggara",
        "regency": null,
        "geocode_method": "exact_kabupaten",
        "source_url": "https://kppip.go.id/proyek-strategis-nasional/bendungan-dan-irigasi/",
        "source_name": "KPPIP",
        "scraped_at": "2026-09-14T20:59:13.909687",
        "created_at": "2026-09-14 21:01:23",
        "updated_at": "2026-09-14 21:01:23"
      }
    },
    {
      "type": "Feature",
      "geometry": {
        "type": "Point",
        "coordinates": [
          112.2384,
          -7.5361
        ]
      },
      "properties": {
        "project_id": "e89c54bd543c43a4",
        "project_name": "Bendungan Bagong",
        "category": "Water",
        "status": "Unknown",
        "budget_idr": null,
        "budget_raw": null,
        "contractor": "BUMN Konstruksi / Swasta",
        "funding_scheme": "APBN (State Budget)",
        "pjpk": "Kementerian PUPR (Ditjen Sumber Daya Air)",
        "province": "Jawa Timur",
        "regency": null,
        "geocode_method": "province_fallback",
        "source_url": "https://kppip.go.id/proyek-strategis-nasional/bendungan-dan-irigasi/",
        "source_name": "KPPIP",
        "scraped_at": "2026-09-14T20:59:13.909687",
        "created_at": "2026-09-14 21:01:23",
        "updated_at": "2026-09-14 21:01:23"
      }
    },
    {
      "type": "Feature",
      "geometry": {
        "type": "Point",
        "coordinates": [
          112.2384,
          -7.5361
        ]
      },
      "properties": {
        "project_id": "801c592a5f5990eb",
        "project_name": "Bendungan Bendo",
        "category": "Water",
        "status": "Unknown",
        "budget_idr": null,
        "budget_raw": null,
        "contractor": "BUMN Konstruksi / Swasta",
        "funding_scheme": "APBN (State Budget)",
        "pjpk": "Kementerian PUPR (Ditjen Sumber Daya Air)",
        "province": "Jawa Timur",
        "regency": null,
        "geocode_method": "province_fallback",
        "source_url": "https://kppip.go.id/proyek-strategis-nasional/bendungan-dan-irigasi/",
        "source_name": "KPPIP",
        "scraped_at": "2026-09-14T20:59:13.909687",
        "created_at": "2026-09-14 21:01:23",
        "updated_at": "2026-09-14 21:01:23"
      }
    },
    {
      "type": "Feature",
      "geometry": {
        "type": "Point",
        "coordinates": [
          110.1403,
          -7.151
        ]
      },
      "properties": {
        "project_id": "a5cca0b3abb64f62",
        "project_name": "Bendungan Bener",
        "category": "Water",
        "status": "Unknown",
        "budget_idr": null,
        "budget_raw": null,
        "contractor": "BUMN Konstruksi / Swasta",
        "funding_scheme": "APBN (State Budget)",
        "pjpk": "Kementerian PUPR (Ditjen Sumber Daya Air)",
        "province": "Jawa Tengah",
        "regency": null,
        "geocode_method": "province_fallback",
        "source_url": "https://kppip.go.id/proyek-strategis-nasional/bendungan-dan-irigasi/",
        "source_name": "KPPIP",
        "scraped_at": "2026-09-14T20:59:13.909687",
        "created_at": "2026-09-14 21:01:23",
        "updated_at": "2026-09-14 21:01:23"
      }
    },
    {
      "type": "Feature",
      "geometry": {
        "type": "Point",
        "coordinates": [
          117.3616,
          -8.6529
        ]
      },
      "properties": {
        "project_id": "b39a6aa4fa399051",
        "project_name": "Bendungan Beringin Sila",
        "category": "Water",
        "status": "Unknown",
        "budget_idr": null,
        "budget_raw": null,
        "contractor": "BUMN Konstruksi / Swasta",
        "funding_scheme": "APBN (State Budget)",
        "pjpk": "Kementerian PUPR (Ditjen Sumber Daya Air)",
        "province": "Nusa Tenggara Barat",
        "regency": null,
        "geocode_method": "province_fallback",
        "source_url": "https://kppip.go.id/proyek-strategis-nasional/bendungan-dan-irigasi/",
        "source_name": "KPPIP",
        "scraped_at": "2026-09-14T20:59:13.909687",
        "created_at": "2026-09-14 21:01:23",
        "updated_at": "2026-09-14 21:01:23"
      }
    },
    {
      "type": "Feature",
      "geometry": {
        "type": "Point",
        "coordinates": [
          117.3616,
          -8.6529
        ]
      },
      "properties": {
        "project_id": "23f71a7b83929a66",
        "project_name": "Bendungan Bintang Bano",
        "category": "Water",
        "status": "Unknown",
        "budget_idr": null,
        "budget_raw": null,
        "contractor": "BUMN Konstruksi / Swasta",
        "funding_scheme": "APBN (State Budget)",
        "pjpk": "Kementerian PUPR (Ditjen Sumber Daya Air)",
        "province": "Nusa Tenggara Barat",
        "regency": null,
        "geocode_method": "province_fallback",
        "source_url": "https://kppip.go.id/proyek-strategis-nasional/bendungan-dan-irigasi/",
        "source_name": "KPPIP",
        "scraped_at": "2026-09-14T20:59:13.909687",
        "created_at": "2026-09-14 21:01:23",
        "updated_at": "2026-09-14 21:01:23"
      }
    },
    {
      "type": "Feature",
      "geometry": {
        "type": "Point",
        "coordinates": [
          119.6667,
          -2.5667
        ]
      },
      "properties": {
        "project_id": "9bc50a9dca86d735",
        "project_name": "Bendungan Budong-Budong",
        "category": "Water",
        "status": "Unknown",
        "budget_idr": null,
        "budget_raw": null,
        "contractor": "BUMN Konstruksi / Swasta",
        "funding_scheme": "APBN (State Budget)",
        "pjpk": "Kementerian PUPR (Ditjen Sumber Daya Air)",
        "province": "Sulawesi Barat",
        "regency": null,
        "geocode_method": "exact_kabupaten",
        "source_url": "https://kppip.go.id/proyek-strategis-nasional/bendungan-dan-irigasi/",
        "source_name": "KPPIP",
        "scraped_at": "2026-09-14T20:59:13.909687",
        "created_at": "2026-09-14 21:01:23",
        "updated_at": "2026-09-14 21:01:23"
      }
    },
    {
      "type": "Feature",
      "geometry": {
        "type": "Point",
        "coordinates": [
          123.0733,
          0.5333
        ]
      },
      "properties": {
        "project_id": "4c7444137115870f",
        "project_name": "Bendungan Bulango Ulu",
        "category": "Water",
        "status": "Unknown",
        "budget_idr": null,
        "budget_raw": null,
        "contractor": "BUMN Konstruksi / Swasta",
        "funding_scheme": "APBN (State Budget)",
        "pjpk": "Kementerian PUPR (Ditjen Sumber Daya Air)",
        "province": "Gorontalo",
        "regency": null,
        "geocode_method": "exact_kabupaten",
        "source_url": "https://kppip.go.id/proyek-strategis-nasional/bendungan-dan-irigasi/",
        "source_name": "KPPIP",
        "scraped_at": "2026-09-14T20:59:13.909687",
        "created_at": "2026-09-14 21:01:23",
        "updated_at": "2026-09-14 21:01:23"
      }
    },
    {
      "type": "Feature",
      "geometry": {
        "type": "Point",
        "coordinates": [
          107.6191,
          -6.9175
        ]
      },
      "properties": {
        "project_id": "54367f842e1a1ae2",
        "project_name": "Bendungan Ciawi",
        "category": "Water",
        "status": "Unknown",
        "budget_idr": null,
        "budget_raw": null,
        "contractor": "BUMN Konstruksi / Swasta",
        "funding_scheme": "APBN (State Budget)",
        "pjpk": "Kementerian PUPR (Ditjen Sumber Daya Air)",
        "province": "Jawa Barat",
        "regency": null,
        "geocode_method": "province_fallback",
        "source_url": "https://kppip.go.id/proyek-strategis-nasional/bendungan-dan-irigasi/",
        "source_name": "KPPIP",
        "scraped_at": "2026-09-14T20:59:13.909687",
        "created_at": "2026-09-14 21:01:23",
        "updated_at": "2026-09-14 21:01:23"
      }
    },
    {
      "type": "Feature",
      "geometry": {
        "type": "Point",
        "coordinates": [
          107.6191,
          -6.9175
        ]
      },
      "properties": {
        "project_id": "0c92852828f80ece",
        "project_name": "Bendungan Cipanas",
        "category": "Water",
        "status": "Unknown",
        "budget_idr": null,
        "budget_raw": null,
        "contractor": "BUMN Konstruksi / Swasta",
        "funding_scheme": "APBN (State Budget)",
        "pjpk": "Kementerian PUPR (Ditjen Sumber Daya Air)",
        "province": "Jawa Barat",
        "regency": null,
        "geocode_method": "province_fallback",
        "source_url": "https://kppip.go.id/proyek-strategis-nasional/bendungan-dan-irigasi/",
        "source_name": "KPPIP",
        "scraped_at": "2026-09-14T20:59:13.909687",
        "created_at": "2026-09-14 21:01:23",
        "updated_at": "2026-09-14 21:01:23"
      }
    },
    {
      "type": "Feature",
      "geometry": {
        "type": "Point",
        "coordinates": [
          112.2384,
          -7.5361
        ]
      },
      "properties": {
        "project_id": "81eadaa81f35ef5d",
        "project_name": "Bendungan Gongseng",
        "category": "Water",
        "status": "Unknown",
        "budget_idr": null,
        "budget_raw": null,
        "contractor": "BUMN Konstruksi / Swasta",
        "funding_scheme": "APBN (State Budget)",
        "pjpk": "Kementerian PUPR (Ditjen Sumber Daya Air)",
        "province": "Jawa Timur",
        "regency": null,
        "geocode_method": "province_fallback",
        "source_url": "https://kppip.go.id/proyek-strategis-nasional/bendungan-dan-irigasi/",
        "source_name": "KPPIP",
        "scraped_at": "2026-09-14T20:59:13.909687",
        "created_at": "2026-09-14 21:01:23",
        "updated_at": "2026-09-14 21:01:23"
      }
    },
    {
      "type": "Feature",
      "geometry": {
        "type": "Point",
        "coordinates": [
          110.1403,
          -7.151
        ]
      },
      "properties": {
        "project_id": "40d72b49dad22914",
        "project_name": "Bendungan Jlantah",
        "category": "Water",
        "status": "Unknown",
        "budget_idr": null,
        "budget_raw": null,
        "contractor": "BUMN Konstruksi / Swasta",
        "funding_scheme": "APBN (State Budget)",
        "pjpk": "Kementerian PUPR (Ditjen Sumber Daya Air)",
        "province": "Jawa Tengah",
        "regency": null,
        "geocode_method": "province_fallback",
        "source_url": "https://kppip.go.id/proyek-strategis-nasional/bendungan-dan-irigasi/",
        "source_name": "KPPIP",
        "scraped_at": "2026-09-14T20:59:13.909687",
        "created_at": "2026-09-14 21:01:23",
        "updated_at": "2026-09-14 21:01:23"
      }
    },
    {
      "type": "Feature",
      "geometry": {
        "type": "Point",
        "coordinates": [
          110.1403,
          -7.151
        ]
      },
      "properties": {
        "project_id": "fc8577f1609e2182",
        "project_name": "Bendungan Jragung",
        "category": "Water",
        "status": "Unknown",
        "budget_idr": null,
        "budget_raw": null,
        "contractor": "BUMN Konstruksi / Swasta",
        "funding_scheme": "APBN (State Budget)",
        "pjpk": "Kementerian PUPR (Ditjen Sumber Daya Air)",
        "province": "Jawa Tengah",
        "regency": null,
        "geocode_method": "province_fallback",
        "source_url": "https://kppip.go.id/proyek-strategis-nasional/bendungan-dan-irigasi/",
        "source_name": "KPPIP",
        "scraped_at": "2026-09-14T20:59:13.909687",
        "created_at": "2026-09-14 21:01:23",
        "updated_at": "2026-09-14 21:01:23"
      }
    },
    {
      "type": "Feature",
      "geometry": {
        "type": "Point",
        "coordinates": [
          119.4327,
          -5.1477
        ]
      },
      "properties": {
        "project_id": "f12d160232ce39c8",
        "project_name": "Bendungan Karalloe",
        "category": "Water",
        "status": "Unknown",
        "budget_idr": null,
        "budget_raw": null,
        "contractor": "BUMN Konstruksi / Swasta",
        "funding_scheme": "APBN (State Budget)",
        "pjpk": "Kementerian PUPR (Ditjen Sumber Daya Air)",
        "province": "Sulawesi Selatan",
        "regency": null,
        "geocode_method": "exact_kabupaten",
        "source_url": "https://kppip.go.id/proyek-strategis-nasional/bendungan-dan-irigasi/",
        "source_name": "KPPIP",
        "scraped_at": "2026-09-14T20:59:13.909687",
        "created_at": "2026-09-14 21:01:23",
        "updated_at": "2026-09-14 21:01:23"
      }
    },
    {
      "type": "Feature",
      "geometry": {
        "type": "Point",
        "coordinates": [
          106.064,
          -6.4058
        ]
      },
      "properties": {
        "project_id": "de9deb72cda80cd2",
        "project_name": "Bendungan Karian",
        "category": "Water",
        "status": "Unknown",
        "budget_idr": null,
        "budget_raw": null,
        "contractor": "BUMN Konstruksi / Swasta",
        "funding_scheme": "APBN (State Budget)",
        "pjpk": "Kementerian PUPR (Ditjen Sumber Daya Air)",
        "province": "Banten",
        "regency": null,
        "geocode_method": "province_fallback",
        "source_url": "https://kppip.go.id/proyek-strategis-nasional/bendungan-dan-irigasi/",
        "source_name": "KPPIP",
        "scraped_at": "2026-09-14T20:59:13.909687",
        "created_at": "2026-09-14 21:01:23",
        "updated_at": "2026-09-14 21:01:23"
      }
    },
    {
      "type": "Feature",
      "geometry": {
        "type": "Point",
        "coordinates": [
          95.3238,
          5.5483
        ]
      },
      "properties": {
        "project_id": "e51b64058c06ad4c",
        "project_name": "Bendungan Keureuto",
        "category": "Water",
        "status": "Unknown",
        "budget_idr": null,
        "budget_raw": null,
        "contractor": "BUMN Konstruksi / Swasta",
        "funding_scheme": "APBN (State Budget)",
        "pjpk": "Kementerian PUPR (Ditjen Sumber Daya Air)",
        "province": "Aceh",
        "regency": null,
        "geocode_method": "exact_kabupaten",
        "source_url": "https://kppip.go.id/proyek-strategis-nasional/bendungan-dan-irigasi/",
        "source_name": "KPPIP",
        "scraped_at": "2026-09-14T20:59:13.909687",
        "created_at": "2026-09-14 21:01:23",
        "updated_at": "2026-09-14 21:01:23"
      }
    },
    {
      "type": "Feature",
      "geometry": {
        "type": "Point",
        "coordinates": [
          107.6191,
          -6.9175
        ]
      },
      "properties": {
        "project_id": "bef27611a6b03063",
        "project_name": "Bendungan Kuningan",
        "category": "Water",
        "status": "Unknown",
        "budget_idr": null,
        "budget_raw": null,
        "contractor": "BUMN Konstruksi / Swasta",
        "funding_scheme": "APBN (State Budget)",
        "pjpk": "Kementerian PUPR (Ditjen Sumber Daya Air)",
        "province": "Jawa Barat",
        "regency": null,
        "geocode_method": "province_fallback",
        "source_url": "https://kppip.go.id/proyek-strategis-nasional/bendungan-dan-irigasi/",
        "source_name": "KPPIP",
        "scraped_at": "2026-09-14T20:59:13.909687",
        "created_at": "2026-09-14 21:01:23",
        "updated_at": "2026-09-14 21:01:23"
      }
    },
    {
      "type": "Feature",
      "geometry": {
        "type": "Point",
        "coordinates": [
          124.8421,
          1.4748
        ]
      },
      "properties": {
        "project_id": "0f0d9af2d6c5a491",
        "project_name": "Bendungan Kuwil Kawangkoan",
        "category": "Water",
        "status": "Unknown",
        "budget_idr": null,
        "budget_raw": null,
        "contractor": "BUMN Konstruksi / Swasta",
        "funding_scheme": "APBN (State Budget)",
        "pjpk": "Kementerian PUPR (Ditjen Sumber Daya Air)",
        "province": "Sulawesi Utara",
        "regency": null,
        "geocode_method": "exact_kabupaten",
        "source_url": "https://kppip.go.id/proyek-strategis-nasional/bendungan-dan-irigasi/",
        "source_name": "KPPIP",
        "scraped_at": "2026-09-14T20:59:13.909687",
        "created_at": "2026-09-14 21:01:23",
        "updated_at": "2026-09-14 21:01:23"
      }
    },
    {
      "type": "Feature",
      "geometry": {
        "type": "Point",
        "coordinates": [
          122.5,
          -3.9667
        ]
      },
      "properties": {
        "project_id": "3c90ff55bdf3f8d9",
        "project_name": "Bendungan Ladongi",
        "category": "Water",
        "status": "Unknown",
        "budget_idr": null,
        "budget_raw": null,
        "contractor": "BUMN Konstruksi / Swasta",
        "funding_scheme": "APBN (State Budget)",
        "pjpk": "Kementerian PUPR (Ditjen Sumber Daya Air)",
        "province": "Sulawesi Tenggara",
        "regency": null,
        "geocode_method": "exact_kabupaten",
        "source_url": "https://kppip.go.id/proyek-strategis-nasional/bendungan-dan-irigasi/",
        "source_name": "KPPIP",
        "scraped_at": "2026-09-14T20:59:13.909687",
        "created_at": "2026-09-14 21:01:23",
        "updated_at": "2026-09-14 21:01:23"
      }
    },
    {
      "type": "Feature",
      "geometry": {
        "type": "Point",
        "coordinates": [
          99.5451,
          2.1154
        ]
      },
      "properties": {
        "project_id": "c78e77a5d437b445",
        "project_name": "Bendungan Lausimeme",
        "category": "Water",
        "status": "Unknown",
        "budget_idr": null,
        "budget_raw": null,
        "contractor": "BUMN Konstruksi / Swasta",
        "funding_scheme": "APBN (State Budget)",
        "pjpk": "Kementerian PUPR (Ditjen Sumber Daya Air)",
        "province": "Sumatera Utara",
        "regency": null,
        "geocode_method": "province_fallback",
        "source_url": "https://kppip.go.id/proyek-strategis-nasional/bendungan-dan-irigasi/",
        "source_name": "KPPIP",
        "scraped_at": "2026-09-14T20:59:13.909687",
        "created_at": "2026-09-14 21:01:23",
        "updated_at": "2026-09-14 21:01:23"
      }
    },
    {
      "type": "Feature",
      "geometry": {
        "type": "Point",
        "coordinates": [
          107.6191,
          -6.9175
        ]
      },
      "properties": {
        "project_id": "e00b1f6174cbf66a",
        "project_name": "Bendungan Leuwikeris",
        "category": "Water",
        "status": "Unknown",
        "budget_idr": null,
        "budget_raw": null,
        "contractor": "BUMN Konstruksi / Swasta",
        "funding_scheme": "APBN (State Budget)",
        "pjpk": "Kementerian PUPR (Ditjen Sumber Daya Air)",
        "province": "Jawa Barat",
        "regency": null,
        "geocode_method": "province_fallback",
        "source_url": "https://kppip.go.id/proyek-strategis-nasional/bendungan-dan-irigasi/",
        "source_name": "KPPIP",
        "scraped_at": "2026-09-14T20:59:13.909687",
        "created_at": "2026-09-14 21:01:23",
        "updated_at": "2026-09-14 21:01:23"
      }
    },
    {
      "type": "Feature",
      "geometry": {
        "type": "Point",
        "coordinates": [
          124.8421,
          1.4748
        ]
      },
      "properties": {
        "project_id": "7969e2024de25bcc",
        "project_name": "Bendungan Lolak",
        "category": "Water",
        "status": "Unknown",
        "budget_idr": null,
        "budget_raw": null,
        "contractor": "BUMN Konstruksi / Swasta",
        "funding_scheme": "APBN (State Budget)",
        "pjpk": "Kementerian PUPR (Ditjen Sumber Daya Air)",
        "province": "Sulawesi Utara",
        "regency": null,
        "geocode_method": "exact_kabupaten",
        "source_url": "https://kppip.go.id/proyek-strategis-nasional/bendungan-dan-irigasi/",
        "source_name": "KPPIP",
        "scraped_at": "2026-09-14T20:59:13.909687",
        "created_at": "2026-09-14 21:01:23",
        "updated_at": "2026-09-14 21:01:23"
      }
    },
    {
      "type": "Feature",
      "geometry": {
        "type": "Point",
        "coordinates": [
          121.0794,
          -8.6574
        ]
      },
      "properties": {
        "project_id": "070cb875cf1b7dd6",
        "project_name": "Bendungan Manikin",
        "category": "Water",
        "status": "Unknown",
        "budget_idr": null,
        "budget_raw": null,
        "contractor": "BUMN Konstruksi / Swasta",
        "funding_scheme": "APBN (State Budget)",
        "pjpk": "Kementerian PUPR (Ditjen Sumber Daya Air)",
        "province": "Nusa Tenggara Timur",
        "regency": null,
        "geocode_method": "province_fallback",
        "source_url": "https://kppip.go.id/proyek-strategis-nasional/bendungan-dan-irigasi/",
        "source_name": "KPPIP",
        "scraped_at": "2026-09-14T20:59:13.909687",
        "created_at": "2026-09-14 21:01:23",
        "updated_at": "2026-09-14 21:01:23"
      }
    },
    {
      "type": "Feature",
      "geometry": {
        "type": "Point",
        "coordinates": [
          117.1536,
          -0.5022
        ]
      },
      "properties": {
        "project_id": "96f88bd98ae4ae4f",
        "project_name": "Bendungan Marangkayu",
        "category": "Water",
        "status": "Unknown",
        "budget_idr": null,
        "budget_raw": null,
        "contractor": "BUMN Konstruksi / Swasta",
        "funding_scheme": "APBN (State Budget)",
        "pjpk": "Kementerian PUPR (Ditjen Sumber Daya Air)",
        "province": "Kalimantan Timur",
        "regency": null,
        "geocode_method": "exact_kabupaten",
        "source_url": "https://kppip.go.id/proyek-strategis-nasional/bendungan-dan-irigasi/",
        "source_name": "KPPIP",
        "scraped_at": "2026-09-14T20:59:13.909687",
        "created_at": "2026-09-14 21:01:23",
        "updated_at": "2026-09-14 21:01:23"
      }
    },
    {
      "type": "Feature",
      "geometry": {
        "type": "Point",
        "coordinates": [
          105.4068,
          -4.5586
        ]
      },
      "properties": {
        "project_id": "1bcafb57b864de37",
        "project_name": "Bendungan Marga Tiga",
        "category": "Water",
        "status": "Unknown",
        "budget_idr": null,
        "budget_raw": null,
        "contractor": "BUMN Konstruksi / Swasta",
        "funding_scheme": "APBN (State Budget)",
        "pjpk": "Kementerian PUPR (Ditjen Sumber Daya Air)",
        "province": "Lampung",
        "regency": null,
        "geocode_method": "exact_kabupaten",
        "source_url": "https://kppip.go.id/proyek-strategis-nasional/bendungan-dan-irigasi/",
        "source_name": "KPPIP",
        "scraped_at": "2026-09-14T20:59:13.909687",
        "created_at": "2026-09-14 21:01:23",
        "updated_at": "2026-09-14 21:01:23"
      }
    },
    {
      "type": "Feature",
      "geometry": {
        "type": "Point",
        "coordinates": [
          121.0794,
          -8.6574
        ]
      },
      "properties": {
        "project_id": "baf47b41a3312bcf",
        "project_name": "Bendungan Mbay",
        "category": "Water",
        "status": "Unknown",
        "budget_idr": null,
        "budget_raw": null,
        "contractor": "BUMN Konstruksi / Swasta",
        "funding_scheme": "APBN (State Budget)",
        "pjpk": "Kementerian PUPR (Ditjen Sumber Daya Air)",
        "province": "Nusa Tenggara Timur",
        "regency": null,
        "geocode_method": "province_fallback",
        "source_url": "https://kppip.go.id/proyek-strategis-nasional/bendungan-dan-irigasi/",
        "source_name": "KPPIP",
        "scraped_at": "2026-09-14T20:59:13.909687",
        "created_at": "2026-09-14 21:01:23",
        "updated_at": "2026-09-14 21:01:23"
      }
    },
    {
      "type": "Feature",
      "geometry": {
        "type": "Point",
        "coordinates": [
          121.0794,
          -8.6574
        ]
      },
      "properties": {
        "project_id": "b06ba36a8baefbf4",
        "project_name": "Bendungan Napungete",
        "category": "Water",
        "status": "Unknown",
        "budget_idr": null,
        "budget_raw": null,
        "contractor": "BUMN Konstruksi / Swasta",
        "funding_scheme": "APBN (State Budget)",
        "pjpk": "Kementerian PUPR (Ditjen Sumber Daya Air)",
        "province": "Nusa Tenggara Timur",
        "regency": null,
        "geocode_method": "province_fallback",
        "source_url": "https://kppip.go.id/proyek-strategis-nasional/bendungan-dan-irigasi/",
        "source_name": "KPPIP",
        "scraped_at": "2026-09-14T20:59:13.909687",
        "created_at": "2026-09-14 21:01:23",
        "updated_at": "2026-09-14 21:01:23"
      }
    },
    {
      "type": "Feature",
      "geometry": {
        "type": "Point",
        "coordinates": [
          119.4327,
          -5.1477
        ]
      },
      "properties": {
        "project_id": "017207e3e2e78705",
        "project_name": "Bendungan Pamukkulu",
        "category": "Water",
        "status": "Unknown",
        "budget_idr": null,
        "budget_raw": null,
        "contractor": "BUMN Konstruksi / Swasta",
        "funding_scheme": "APBN (State Budget)",
        "pjpk": "Kementerian PUPR (Ditjen Sumber Daya Air)",
        "province": "Sulawesi Selatan",
        "regency": null,
        "geocode_method": "exact_kabupaten",
        "source_url": "https://kppip.go.id/proyek-strategis-nasional/bendungan-dan-irigasi/",
        "source_name": "KPPIP",
        "scraped_at": "2026-09-14T20:59:13.909687",
        "created_at": "2026-09-14 21:01:23",
        "updated_at": "2026-09-14 21:01:23"
      }
    },
    {
      "type": "Feature",
      "geometry": {
        "type": "Point",
        "coordinates": [
          119.4327,
          -5.1477
        ]
      },
      "properties": {
        "project_id": "32536bb144cbaf5b",
        "project_name": "Bendungan Passeloreng",
        "category": "Water",
        "status": "Unknown",
        "budget_idr": null,
        "budget_raw": null,
        "contractor": "BUMN Konstruksi / Swasta",
        "funding_scheme": "APBN (State Budget)",
        "pjpk": "Kementerian PUPR (Ditjen Sumber Daya Air)",
        "province": "Sulawesi Selatan",
        "regency": null,
        "geocode_method": "exact_kabupaten",
        "source_url": "https://kppip.go.id/proyek-strategis-nasional/bendungan-dan-irigasi/",
        "source_name": "KPPIP",
        "scraped_at": "2026-09-14T20:59:13.909687",
        "created_at": "2026-09-14 21:01:23",
        "updated_at": "2026-09-14 21:01:23"
      }
    },
    {
      "type": "Feature",
      "geometry": {
        "type": "Point",
        "coordinates": [
          110.1403,
          -7.151
        ]
      },
      "properties": {
        "project_id": "4f43330d320d7d57",
        "project_name": "Bendungan Pidekso",
        "category": "Water",
        "status": "Unknown",
        "budget_idr": null,
        "budget_raw": null,
        "contractor": "BUMN Konstruksi / Swasta",
        "funding_scheme": "APBN (State Budget)",
        "pjpk": "Kementerian PUPR (Ditjen Sumber Daya Air)",
        "province": "Jawa Tengah",
        "regency": null,
        "geocode_method": "province_fallback",
        "source_url": "https://kppip.go.id/proyek-strategis-nasional/bendungan-dan-irigasi/",
        "source_name": "KPPIP",
        "scraped_at": "2026-09-14T20:59:13.909687",
        "created_at": "2026-09-14 21:01:23",
        "updated_at": "2026-09-14 21:01:23"
      }
    },
    {
      "type": "Feature",
      "geometry": {
        "type": "Point",
        "coordinates": [
          110.1403,
          -7.151
        ]
      },
      "properties": {
        "project_id": "b511cb6261ce43c2",
        "project_name": "Bendungan Randugunting",
        "category": "Water",
        "status": "Unknown",
        "budget_idr": null,
        "budget_raw": null,
        "contractor": "BUMN Konstruksi / Swasta",
        "funding_scheme": "APBN (State Budget)",
        "pjpk": "Kementerian PUPR (Ditjen Sumber Daya Air)",
        "province": "Jawa Tengah",
        "regency": null,
        "geocode_method": "province_fallback",
        "source_url": "https://kppip.go.id/proyek-strategis-nasional/bendungan-dan-irigasi/",
        "source_name": "KPPIP",
        "scraped_at": "2026-09-14T20:59:13.909687",
        "created_at": "2026-09-14 21:01:23",
        "updated_at": "2026-09-14 21:01:23"
      }
    },
    {
      "type": "Feature",
      "geometry": {
        "type": "Point",
        "coordinates": [
          95.3238,
          5.5483
        ]
      },
      "properties": {
        "project_id": "89cb1e978795c15b",
        "project_name": "Bendungan Rukoh",
        "category": "Water",
        "status": "Unknown",
        "budget_idr": null,
        "budget_raw": null,
        "contractor": "BUMN Konstruksi / Swasta",
        "funding_scheme": "APBN (State Budget)",
        "pjpk": "Kementerian PUPR (Ditjen Sumber Daya Air)",
        "province": "Aceh",
        "regency": null,
        "geocode_method": "exact_kabupaten",
        "source_url": "https://kppip.go.id/proyek-strategis-nasional/bendungan-dan-irigasi/",
        "source_name": "KPPIP",
        "scraped_at": "2026-09-14T20:59:13.909687",
        "created_at": "2026-09-14 21:01:23",
        "updated_at": "2026-09-14 21:01:23"
      }
    },
    {
      "type": "Feature",
      "geometry": {
        "type": "Point",
        "coordinates": [
          107.6191,
          -6.9175
        ]
      },
      "properties": {
        "project_id": "e4ae9bc7afe5e8b4",
        "project_name": "Bendungan Sadawarna",
        "category": "Water",
        "status": "Unknown",
        "budget_idr": null,
        "budget_raw": null,
        "contractor": "BUMN Konstruksi / Swasta",
        "funding_scheme": "APBN (State Budget)",
        "pjpk": "Kementerian PUPR (Ditjen Sumber Daya Air)",
        "province": "Jawa Barat",
        "regency": null,
        "geocode_method": "province_fallback",
        "source_url": "https://kppip.go.id/proyek-strategis-nasional/bendungan-dan-irigasi/",
        "source_name": "KPPIP",
        "scraped_at": "2026-09-14T20:59:13.909687",
        "created_at": "2026-09-14 21:01:23",
        "updated_at": "2026-09-14 21:01:23"
      }
    },
    {
      "type": "Feature",
      "geometry": {
        "type": "Point",
        "coordinates": [
          112.2384,
          -7.5361
        ]
      },
      "properties": {
        "project_id": "ee8871121bacf53a",
        "project_name": "Bendungan Semantok",
        "category": "Water",
        "status": "Unknown",
        "budget_idr": null,
        "budget_raw": null,
        "contractor": "BUMN Konstruksi / Swasta",
        "funding_scheme": "APBN (State Budget)",
        "pjpk": "Kementerian PUPR (Ditjen Sumber Daya Air)",
        "province": "Jawa Timur",
        "regency": null,
        "geocode_method": "province_fallback",
        "source_url": "https://kppip.go.id/proyek-strategis-nasional/bendungan-dan-irigasi/",
        "source_name": "KPPIP",
        "scraped_at": "2026-09-14T20:59:13.909687",
        "created_at": "2026-09-14 21:01:23",
        "updated_at": "2026-09-14 21:01:23"
      }
    },
    {
      "type": "Feature",
      "geometry": {
        "type": "Point",
        "coordinates": [
          117.1536,
          -0.5022
        ]
      },
      "properties": {
        "project_id": "04295546c9b4956e",
        "project_name": "Bendungan Sepaku Semoi",
        "category": "Water",
        "status": "Unknown",
        "budget_idr": null,
        "budget_raw": null,
        "contractor": "BUMN Konstruksi / Swasta",
        "funding_scheme": "APBN (State Budget)",
        "pjpk": "Kementerian PUPR (Ditjen Sumber Daya Air)",
        "province": "Kalimantan Timur",
        "regency": null,
        "geocode_method": "exact_kabupaten",
        "source_url": "https://kppip.go.id/proyek-strategis-nasional/bendungan-dan-irigasi/",
        "source_name": "KPPIP",
        "scraped_at": "2026-09-14T20:59:13.909687",
        "created_at": "2026-09-14 21:01:23",
        "updated_at": "2026-09-14 21:01:23"
      }
    },
    {
      "type": "Feature",
      "geometry": {
        "type": "Point",
        "coordinates": [
          115.1889,
          -8.4095
        ]
      },
      "properties": {
        "project_id": "4f7f2ab1f901cb57",
        "project_name": "Bendungan Sidan",
        "category": "Water",
        "status": "Unknown",
        "budget_idr": null,
        "budget_raw": null,
        "contractor": "BUMN Konstruksi / Swasta",
        "funding_scheme": "APBN (State Budget)",
        "pjpk": "Kementerian PUPR (Ditjen Sumber Daya Air)",
        "province": "Bali",
        "regency": null,
        "geocode_method": "province_fallback",
        "source_url": "https://kppip.go.id/proyek-strategis-nasional/bendungan-dan-irigasi/",
        "source_name": "KPPIP",
        "scraped_at": "2026-09-14T20:59:13.909687",
        "created_at": "2026-09-14 21:01:23",
        "updated_at": "2026-09-14 21:01:23"
      }
    },
    {
      "type": "Feature",
      "geometry": {
        "type": "Point",
        "coordinates": [
          107.6191,
          -6.9175
        ]
      },
      "properties": {
        "project_id": "62d6ba42108cde61",
        "project_name": "Bendungan Sukamahi",
        "category": "Water",
        "status": "Unknown",
        "budget_idr": null,
        "budget_raw": null,
        "contractor": "BUMN Konstruksi / Swasta",
        "funding_scheme": "APBN (State Budget)",
        "pjpk": "Kementerian PUPR (Ditjen Sumber Daya Air)",
        "province": "Jawa Barat",
        "regency": null,
        "geocode_method": "province_fallback",
        "source_url": "https://kppip.go.id/proyek-strategis-nasional/bendungan-dan-irigasi/",
        "source_name": "KPPIP",
        "scraped_at": "2026-09-14T20:59:13.909687",
        "created_at": "2026-09-14 21:01:23",
        "updated_at": "2026-09-14 21:01:23"
      }
    },
    {
      "type": "Feature",
      "geometry": {
        "type": "Point",
        "coordinates": [
          115.1889,
          -8.4095
        ]
      },
      "properties": {
        "project_id": "f7c7c8e7a1ac50dd",
        "project_name": "Bendungan Tamblang",
        "category": "Water",
        "status": "Unknown",
        "budget_idr": null,
        "budget_raw": null,
        "contractor": "BUMN Konstruksi / Swasta",
        "funding_scheme": "APBN (State Budget)",
        "pjpk": "Kementerian PUPR (Ditjen Sumber Daya Air)",
        "province": "Bali",
        "regency": null,
        "geocode_method": "province_fallback",
        "source_url": "https://kppip.go.id/proyek-strategis-nasional/bendungan-dan-irigasi/",
        "source_name": "KPPIP",
        "scraped_at": "2026-09-14T20:59:13.909687",
        "created_at": "2026-09-14 21:01:23",
        "updated_at": "2026-09-14 21:01:23"
      }
    },
    {
      "type": "Feature",
      "geometry": {
        "type": "Point",
        "coordinates": [
          114.5914,
          -3.3167
        ]
      },
      "properties": {
        "project_id": "cc66ec91c97f4642",
        "project_name": "Bendungan Tapin",
        "category": "Water",
        "status": "Unknown",
        "budget_idr": null,
        "budget_raw": null,
        "contractor": "BUMN Konstruksi / Swasta",
        "funding_scheme": "APBN (State Budget)",
        "pjpk": "Kementerian PUPR (Ditjen Sumber Daya Air)",
        "province": "Kalimantan Selatan",
        "regency": null,
        "geocode_method": "exact_kabupaten",
        "source_url": "https://kppip.go.id/proyek-strategis-nasional/bendungan-dan-irigasi/",
        "source_name": "KPPIP",
        "scraped_at": "2026-09-14T20:59:13.909687",
        "created_at": "2026-09-14 21:01:23",
        "updated_at": "2026-09-14 21:01:23"
      }
    },
    {
      "type": "Feature",
      "geometry": {
        "type": "Point",
        "coordinates": [
          103.9144,
          -3.3194
        ]
      },
      "properties": {
        "project_id": "227b2bcb4ea55438",
        "project_name": "Bendungan Tiga Dihaji",
        "category": "Water",
        "status": "Unknown",
        "budget_idr": null,
        "budget_raw": null,
        "contractor": "BUMN Konstruksi / Swasta",
        "funding_scheme": "APBN (State Budget)",
        "pjpk": "Kementerian PUPR (Ditjen Sumber Daya Air)",
        "province": "Sumatera Selatan",
        "regency": null,
        "geocode_method": "province_fallback",
        "source_url": "https://kppip.go.id/proyek-strategis-nasional/bendungan-dan-irigasi/",
        "source_name": "KPPIP",
        "scraped_at": "2026-09-14T20:59:13.909687",
        "created_at": "2026-09-14 21:01:23",
        "updated_at": "2026-09-14 21:01:23"
      }
    },
    {
      "type": "Feature",
      "geometry": {
        "type": "Point",
        "coordinates": [
          95.3238,
          5.5483
        ]
      },
      "properties": {
        "project_id": "57791e6679f24d5c",
        "project_name": "Bendungan Tiro",
        "category": "Water",
        "status": "Unknown",
        "budget_idr": null,
        "budget_raw": null,
        "contractor": "BUMN Konstruksi / Swasta",
        "funding_scheme": "APBN (State Budget)",
        "pjpk": "Kementerian PUPR (Ditjen Sumber Daya Air)",
        "province": "Aceh",
        "regency": null,
        "geocode_method": "exact_kabupaten",
        "source_url": "https://kppip.go.id/proyek-strategis-nasional/bendungan-dan-irigasi/",
        "source_name": "KPPIP",
        "scraped_at": "2026-09-14T20:59:13.909687",
        "created_at": "2026-09-14 21:01:23",
        "updated_at": "2026-09-14 21:01:23"
      }
    },
    {
      "type": "Feature",
      "geometry": {
        "type": "Point",
        "coordinates": [
          117.3616,
          -8.6529
        ]
      },
      "properties": {
        "project_id": "eeb106b20debd488",
        "project_name": "Bendungan Tiu Suntuk",
        "category": "Water",
        "status": "Unknown",
        "budget_idr": null,
        "budget_raw": null,
        "contractor": "BUMN Konstruksi / Swasta",
        "funding_scheme": "APBN (State Budget)",
        "pjpk": "Kementerian PUPR (Ditjen Sumber Daya Air)",
        "province": "Nusa Tenggara Barat",
        "regency": null,
        "geocode_method": "province_fallback",
        "source_url": "https://kppip.go.id/proyek-strategis-nasional/bendungan-dan-irigasi/",
        "source_name": "KPPIP",
        "scraped_at": "2026-09-14T20:59:13.909687",
        "created_at": "2026-09-14 21:01:23",
        "updated_at": "2026-09-14 21:01:23"
      }
    },
    {
      "type": "Feature",
      "geometry": {
        "type": "Point",
        "coordinates": [
          112.2384,
          -7.5361
        ]
      },
      "properties": {
        "project_id": "bd544227280ca5a0",
        "project_name": "Bendungan Tugu",
        "category": "Water",
        "status": "Unknown",
        "budget_idr": null,
        "budget_raw": null,
        "contractor": "BUMN Konstruksi / Swasta",
        "funding_scheme": "APBN (State Budget)",
        "pjpk": "Kementerian PUPR (Ditjen Sumber Daya Air)",
        "province": "Jawa Timur",
        "regency": null,
        "geocode_method": "province_fallback",
        "source_url": "https://kppip.go.id/proyek-strategis-nasional/bendungan-dan-irigasi/",
        "source_name": "KPPIP",
        "scraped_at": "2026-09-14T20:59:13.909687",
        "created_at": "2026-09-14 21:01:23",
        "updated_at": "2026-09-14 21:01:23"
      }
    },
    {
      "type": "Feature",
      "geometry": {
        "type": "Point",
        "coordinates": [
          112.2384,
          -7.5361
        ]
      },
      "properties": {
        "project_id": "d29f6979eaea74a8",
        "project_name": "Bendungan Tukul",
        "category": "Water",
        "status": "Unknown",
        "budget_idr": null,
        "budget_raw": null,
        "contractor": "BUMN Konstruksi / Swasta",
        "funding_scheme": "APBN (State Budget)",
        "pjpk": "Kementerian PUPR (Ditjen Sumber Daya Air)",
        "province": "Jawa Timur",
        "regency": null,
        "geocode_method": "province_fallback",
        "source_url": "https://kppip.go.id/proyek-strategis-nasional/bendungan-dan-irigasi/",
        "source_name": "KPPIP",
        "scraped_at": "2026-09-14T20:59:13.909687",
        "created_at": "2026-09-14 21:01:23",
        "updated_at": "2026-09-14 21:01:23"
      }
    },
    {
      "type": "Feature",
      "geometry": {
        "type": "Point",
        "coordinates": [
          129.0,
          -3.0
        ]
      },
      "properties": {
        "project_id": "f5e769148101ad29",
        "project_name": "Bendungan Way Apu",
        "category": "Water",
        "status": "Unknown",
        "budget_idr": null,
        "budget_raw": null,
        "contractor": "BUMN Konstruksi / Swasta",
        "funding_scheme": "APBN (State Budget)",
        "pjpk": "Kementerian PUPR (Ditjen Sumber Daya Air)",
        "province": "Maluku",
        "regency": null,
        "geocode_method": "exact_kabupaten",
        "source_url": "https://kppip.go.id/proyek-strategis-nasional/bendungan-dan-irigasi/",
        "source_name": "KPPIP",
        "scraped_at": "2026-09-14T20:59:13.909687",
        "created_at": "2026-09-14 21:01:23",
        "updated_at": "2026-09-14 21:01:23"
      }
    },
    {
      "type": "Feature",
      "geometry": {
        "type": "Point",
        "coordinates": [
          117.3616,
          -8.6529
        ]
      },
      "properties": {
        "project_id": "3f703082c12d3bd1",
        "project_name": "Bendungan Meninting",
        "category": "Water",
        "status": "Unknown",
        "budget_idr": null,
        "budget_raw": null,
        "contractor": "BUMN Konstruksi / Swasta",
        "funding_scheme": "APBN (State Budget)",
        "pjpk": "Kementerian PUPR (Ditjen Sumber Daya Air)",
        "province": "Nusa Tenggara Barat",
        "regency": null,
        "geocode_method": "province_fallback",
        "source_url": "https://kppip.go.id/proyek-strategis-nasional/bendungan-dan-irigasi/",
        "source_name": "KPPIP",
        "scraped_at": "2026-09-14T20:59:13.909687",
        "created_at": "2026-09-14 21:01:23",
        "updated_at": "2026-09-14 21:01:23"
      }
    },
    {
      "type": "Feature",
      "geometry": {
        "type": "Point",
        "coordinates": [
          121.0794,
          -8.6574
        ]
      },
      "properties": {
        "project_id": "af7f403f19e9717f",
        "project_name": "Bendungan Temef",
        "category": "Water",
        "status": "Unknown",
        "budget_idr": null,
        "budget_raw": null,
        "contractor": "BUMN Konstruksi / Swasta",
        "funding_scheme": "APBN (State Budget)",
        "pjpk": "Kementerian PUPR (Ditjen Sumber Daya Air)",
        "province": "Nusa Tenggara Timur",
        "regency": null,
        "geocode_method": "province_fallback",
        "source_url": "https://kppip.go.id/proyek-strategis-nasional/bendungan-dan-irigasi/",
        "source_name": "KPPIP",
        "scraped_at": "2026-09-14T20:59:13.909687",
        "created_at": "2026-09-14 21:01:23",
        "updated_at": "2026-09-14 21:01:23"
      }
    },
    {
      "type": "Feature",
      "geometry": {
        "type": "Point",
        "coordinates": [
          105.4068,
          -4.5586
        ]
      },
      "properties": {
        "project_id": "ee26e13af1462f81",
        "project_name": "Bendungan Way Sekampung",
        "category": "Water",
        "status": "Unknown",
        "budget_idr": null,
        "budget_raw": null,
        "contractor": "BUMN Konstruksi / Swasta",
        "funding_scheme": "APBN (State Budget)",
        "pjpk": "Kementerian PUPR (Ditjen Sumber Daya Air)",
        "province": "Lampung",
        "regency": null,
        "geocode_method": "exact_kabupaten",
        "source_url": "https://kppip.go.id/proyek-strategis-nasional/bendungan-dan-irigasi/",
        "source_name": "KPPIP",
        "scraped_at": "2026-09-14T20:59:13.909687",
        "created_at": "2026-09-14 21:01:23",
        "updated_at": "2026-09-14 21:01:23"
      }
    },
    {
      "type": "Feature",
      "geometry": {
        "type": "Point",
        "coordinates": [
          129.0,
          -3.0
        ]
      },
      "properties": {
        "project_id": "86e0c7ca348c9ed2",
        "project_name": "Buli",
        "category": "Energy",
        "status": "Unknown",
        "budget_idr": null,
        "budget_raw": null,
        "contractor": "BUMN Konstruksi / Swasta",
        "funding_scheme": "IPP Swasta / PT PLN (Persero)",
        "pjpk": "Kementerian ESDM / PT PLN (Persero)",
        "province": "Lintas Provinsi",
        "regency": null,
        "geocode_method": "exact_kabupaten",
        "source_url": "https://kppip.go.id/proyek-strategis-nasional/u-proyek-pembangunan-smelter/",
        "source_name": "KPPIP",
        "scraped_at": "2026-09-14T20:59:13.909687",
        "created_at": "2026-09-14 21:01:23",
        "updated_at": "2026-09-14 21:01:23"
      }
    },
    {
      "type": "Feature",
      "geometry": {
        "type": "Point",
        "coordinates": [
          107.6191,
          -6.9175
        ]
      },
      "properties": {
        "project_id": "3ff0d411990f4ec9",
        "project_name": "Central–West Java Transmission Line 500kV",
        "category": "Energy",
        "status": "Unknown",
        "budget_idr": null,
        "budget_raw": null,
        "contractor": "BUMN Konstruksi / Swasta",
        "funding_scheme": "IPP Swasta / PT PLN (Persero)",
        "pjpk": "Kementerian ESDM / PT PLN (Persero)",
        "province": "Lintas Provinsi",
        "regency": null,
        "geocode_method": "province_fallback",
        "source_url": "https://kppip.go.id/proyek-strategis-nasional/x-program-pembangunan-infrastruktur-ketenagalistrikan/",
        "source_name": "KPPIP",
        "scraped_at": "2026-09-14T20:59:13.909687",
        "created_at": "2026-09-14 21:01:23",
        "updated_at": "2026-09-14 21:01:23"
      }
    },
    {
      "type": "Feature",
      "geometry": {
        "type": "Point",
        "coordinates": [
          110.3695,
          -7.7956
        ]
      },
      "properties": {
        "project_id": "25b82ac7f59f6fd3",
        "project_name": "Double Track Jawa Selatan",
        "category": "Transport",
        "status": "Unknown",
        "budget_idr": null,
        "budget_raw": null,
        "contractor": "BUMN Konstruksi / Swasta",
        "funding_scheme": "APBN / KPBU",
        "pjpk": "Kementerian / Lembaga Terkait",
        "province": "Lintas Provinsi",
        "regency": null,
        "geocode_method": "exact_kabupaten",
        "source_url": "https://kppip.go.id/proyek-strategis-nasional/kereta/",
        "source_name": "KPPIP",
        "scraped_at": "2026-09-14T20:59:13.909687",
        "created_at": "2026-09-14 21:01:23",
        "updated_at": "2026-09-14 21:01:23"
      }
    },
    {
      "type": "Feature",
      "geometry": {
        "type": "Point",
        "coordinates": [
          106.8456,
          -6.2088
        ]
      },
      "properties": {
        "project_id": "4d3afc342de9b537",
        "project_name": "Elevated Inner Loop Line Jatinegara – Tanah Abang – Kemayoran",
        "category": "Transport",
        "status": "Unknown",
        "budget_idr": null,
        "budget_raw": null,
        "contractor": "BUMN Konstruksi / Swasta",
        "funding_scheme": "APBN / KPBU",
        "pjpk": "Kementerian / Lembaga Terkait",
        "province": "DKI Jakarta",
        "regency": null,
        "geocode_method": "hardcoded",
        "source_url": "https://kppip.go.id/proyek-strategis-nasional/kereta/",
        "source_name": "KPPIP",
        "scraped_at": "2026-09-14T20:59:13.909687",
        "created_at": "2026-09-14 21:01:23",
        "updated_at": "2026-09-14 21:01:23"
      }
    },
    {
      "type": "Feature",
      "geometry": {
        "type": "Point",
        "coordinates": [
          103.9144,
          -3.3194
        ]
      },
      "properties": {
        "project_id": "722821591e53e72f",
        "project_name": "Gasifikasi Batu Bara di Tanjung Enim",
        "category": "Energy",
        "status": "Unknown",
        "budget_idr": null,
        "budget_raw": null,
        "contractor": "BUMN Konstruksi / Swasta",
        "funding_scheme": "IPP Swasta / PT PLN (Persero)",
        "pjpk": "Kementerian ESDM / PT Pertamina (Persero)",
        "province": "Sumatera Selatan",
        "regency": null,
        "geocode_method": "province_fallback",
        "source_url": "https://kppip.go.id/proyek-strategis-nasional/energi/",
        "source_name": "KPPIP",
        "scraped_at": "2026-09-14T20:59:13.909687",
        "created_at": "2026-09-14 21:01:23",
        "updated_at": "2026-09-14 21:01:23"
      }
    },
    {
      "type": "Feature",
      "geometry": {
        "type": "Point",
        "coordinates": [
          105.4068,
          -4.5586
        ]
      },
      "properties": {
        "project_id": "89a396f16b3d1281",
        "project_name": "HIGH VOLTAGE DIRECT CURRENT (HVDC)",
        "category": "Energy",
        "status": "Unknown",
        "budget_idr": null,
        "budget_raw": null,
        "contractor": "BUMN Konstruksi / Swasta",
        "funding_scheme": "IPP Swasta / PT PLN (Persero)",
        "pjpk": "Kementerian ESDM / PT PLN (Persero)",
        "province": "Lintas Provinsi",
        "regency": null,
        "geocode_method": "exact_kabupaten",
        "source_url": "https://kppip.go.id/proyek-strategis-nasional/x-program-pembangunan-infrastruktur-ketenagalistrikan/",
        "source_name": "KPPIP",
        "scraped_at": "2026-09-14T20:59:13.909687",
        "created_at": "2026-09-14 21:01:23",
        "updated_at": "2026-09-14 21:01:23"
      }
    },
    {
      "type": "Feature",
      "geometry": {
        "type": "Point",
        "coordinates": [
          106.8456,
          -6.2088
        ]
      },
      "properties": {
        "project_id": "7e4869932aaeb95a",
        "project_name": "High Speed Railway Jakarta – Bandung",
        "category": "Transport",
        "status": "Unknown",
        "budget_idr": null,
        "budget_raw": null,
        "contractor": "BUMN Konstruksi / Swasta",
        "funding_scheme": "APBN / KPBU",
        "pjpk": "Kementerian Perhubungan (Ditjen Perkeretaapian)",
        "province": "Lintas Provinsi",
        "regency": null,
        "geocode_method": "hardcoded",
        "source_url": "https://kppip.go.id/proyek-strategis-nasional/kereta/",
        "source_name": "KPPIP",
        "scraped_at": "2026-09-14T20:59:13.909687",
        "created_at": "2026-09-14 21:01:23",
        "updated_at": "2026-09-14 21:01:23"
      }
    },
    {
      "type": "Feature",
      "geometry": {
        "type": "Point",
        "coordinates": [
          106.8456,
          -6.2088
        ]
      },
      "properties": {
        "project_id": "c833594d748d31df",
        "project_name": "Inland Waterways/CBL Cikarang-Bekasi- Laut Jawa",
        "category": "Transport",
        "status": "Unknown",
        "budget_idr": null,
        "budget_raw": null,
        "contractor": "BUMN Konstruksi / Swasta",
        "funding_scheme": "APBN / KPBU",
        "pjpk": "Kementerian / Lembaga Terkait",
        "province": "Lintas Provinsi",
        "regency": null,
        "geocode_method": "hardcoded",
        "source_url": "https://kppip.go.id/proyek-strategis-nasional/pelabuhan/",
        "source_name": "KPPIP",
        "scraped_at": "2026-09-14T20:59:13.909687",
        "created_at": "2026-09-14 21:01:23",
        "updated_at": "2026-09-14 21:01:23"
      }
    },
    {
      "type": "Feature",
      "geometry": {
        "type": "Point",
        "coordinates": [
          106.8456,
          -6.2088
        ]
      },
      "properties": {
        "project_id": "493ff0f85f6d3fd4",
        "project_name": "Jakarta Sewerage System (JSS)",
        "category": "Water",
        "status": "Unknown",
        "budget_idr": null,
        "budget_raw": null,
        "contractor": "BUMN Konstruksi / Swasta",
        "funding_scheme": "APBN / KPBU",
        "pjpk": "Kementerian PUPR (Ditjen Sumber Daya Air)",
        "province": "DKI Jakarta",
        "regency": null,
        "geocode_method": "hardcoded",
        "source_url": "https://kppip.go.id/proyek-strategis-nasional/air-bersih-dan-sanitasi/",
        "source_name": "KPPIP",
        "scraped_at": "2026-09-14T20:59:13.909687",
        "created_at": "2026-09-14 21:01:23",
        "updated_at": "2026-09-14 21:01:23"
      }
    },
    {
      "type": "Feature",
      "geometry": {
        "type": "Point",
        "coordinates": [
          107.6191,
          -6.9175
        ]
      },
      "properties": {
        "project_id": "fc7bf0a0b8d8fd59",
        "project_name": "Jalan Tol Akses Pelabuhan Patimban",
        "category": "Transport",
        "status": "Unknown",
        "budget_idr": null,
        "budget_raw": null,
        "contractor": "BUMN Konstruksi / Swasta",
        "funding_scheme": "KPBU / PPP (BUJT Concession)",
        "pjpk": "BPJT – Kementerian PUPR",
        "province": "Jawa Barat",
        "regency": null,
        "geocode_method": "province_fallback",
        "source_url": "https://kppip.go.id/proyek-strategis-nasional/jalan-dan-jembatan/",
        "source_name": "KPPIP",
        "scraped_at": "2026-09-14T20:59:13.909687",
        "created_at": "2026-09-14 21:01:23",
        "updated_at": "2026-09-14 21:01:23"
      }
    },
    {
      "type": "Feature",
      "geometry": {
        "type": "Point",
        "coordinates": [
          116.8312,
          -1.2654
        ]
      },
      "properties": {
        "project_id": "d0793d06bd153ab2",
        "project_name": "Jalan Tol Balikpapan-Samarinda (99,35km)",
        "category": "Transport",
        "status": "Completed",
        "budget_idr": 8508.0,
        "budget_raw": "Rp 8.508 Triliun",
        "contractor": "BPJT – Kementerian PUPR",
        "funding_scheme": "KPBU",
        "pjpk": "BPJT – Kementerian PUPR",
        "province": "Kalimantan Timur",
        "regency": "Balikpapan",
        "geocode_method": "exact_kabupaten",
        "source_url": "https://kppip.go.id/proyek-strategis-nasional/jalan-dan-jembatan/jalan-tol-balikpapan-samarinda-9935km/",
        "source_name": "KPPIP",
        "scraped_at": "2026-09-14T20:59:13.909687",
        "created_at": "2026-09-14 21:01:23",
        "updated_at": "2026-09-14 21:01:23"
      }
    },
    {
      "type": "Feature",
      "geometry": {
        "type": "Point",
        "coordinates": [
          106.8456,
          -6.2088
        ]
      },
      "properties": {
        "project_id": "7a210f2f8d1f4f5c",
        "project_name": "Jalan Tol Bekasi – Cawang – Kp. Melayu (21,04km)",
        "category": "Transport",
        "status": "Unknown",
        "budget_idr": null,
        "budget_raw": null,
        "contractor": "BUMN Konstruksi / Swasta",
        "funding_scheme": "KPBU / PPP (BUJT Concession)",
        "pjpk": "BPJT – Kementerian PUPR",
        "province": "Lintas Provinsi",
        "regency": null,
        "geocode_method": "hardcoded",
        "source_url": "https://kppip.go.id/proyek-strategis-nasional/jalan-dan-jembatan/",
        "source_name": "KPPIP",
        "scraped_at": "2026-09-14T20:59:13.909687",
        "created_at": "2026-09-14 21:01:23",
        "updated_at": "2026-09-14 21:01:23"
      }
    },
    {
      "type": "Feature",
      "geometry": {
        "type": "Point",
        "coordinates": [
          103.6131,
          -1.6101
        ]
      },
      "properties": {
        "project_id": "3f91b696e9f1952c",
        "project_name": "Jalan Tol Betung (Sp. Sekayu) – Tempino – Jambi (191km)",
        "category": "Transport",
        "status": "Unknown",
        "budget_idr": null,
        "budget_raw": null,
        "contractor": "BUMN Konstruksi / Swasta",
        "funding_scheme": "KPBU / PPP (BUJT Concession)",
        "pjpk": "BPJT – Kementerian PUPR",
        "province": "Lintas Provinsi",
        "regency": null,
        "geocode_method": "exact_kabupaten",
        "source_url": "https://kppip.go.id/proyek-strategis-nasional/jalan-dan-jembatan/",
        "source_name": "KPPIP",
        "scraped_at": "2026-09-14T20:59:13.909687",
        "created_at": "2026-09-14 21:01:23",
        "updated_at": "2026-09-14 21:01:23"
      }
    },
    {
      "type": "Feature",
      "geometry": {
        "type": "Point",
        "coordinates": [
          98.225,
          4.04
        ]
      },
      "properties": {
        "project_id": "1151df8b82b37f41",
        "project_name": "Jalan Tol Binjai Langsa – bagian dari ruas Trans Sumatera",
        "category": "Transport",
        "status": "Unknown",
        "budget_idr": null,
        "budget_raw": null,
        "contractor": "BUMN Konstruksi / Swasta",
        "funding_scheme": "Penugasan BUMN (Hutama Karya)",
        "pjpk": "BPJT – Kementerian PUPR",
        "province": "Aceh / Sumatera Utara",
        "regency": "Binjai - Langsa",
        "geocode_method": "hardcoded",
        "source_url": "https://kppip.go.id/proyek-strategis-nasional/jalan-dan-jembatan/",
        "source_name": "KPPIP",
        "scraped_at": "2026-09-14T20:59:13.909687",
        "created_at": "2026-09-14 21:01:23",
        "updated_at": "2026-09-14 21:01:23",
        "latitude": 4.04,
        "longitude": 98.225
      }
    },
    {
      "type": "Feature",
      "geometry": {
        "type": "Point",
        "coordinates": [
          100.8,
          -0.7399
        ]
      },
      "properties": {
        "project_id": "2ce9fd1c494ecee7",
        "project_name": "Jalan Tol Bukittinggi – Padang Panjang – Lubuk Alung – Padang – bagian dari ruas Trans Sumatera",
        "category": "Transport",
        "status": "Unknown",
        "budget_idr": null,
        "budget_raw": null,
        "contractor": "BUMN Konstruksi / Swasta",
        "funding_scheme": "Penugasan BUMN (Hutama Karya)",
        "pjpk": "BPJT – Kementerian PUPR",
        "province": "Sumatera Barat",
        "regency": null,
        "geocode_method": "province_fallback",
        "source_url": "https://kppip.go.id/proyek-strategis-nasional/jalan-dan-jembatan/",
        "source_name": "KPPIP",
        "scraped_at": "2026-09-14T20:59:13.909687",
        "created_at": "2026-09-14 21:01:23",
        "updated_at": "2026-09-14 21:01:23"
      }
    },
    {
      "type": "Feature",
      "geometry": {
        "type": "Point",
        "coordinates": [
          106.8456,
          -6.2088
        ]
      },
      "properties": {
        "project_id": "bb000bee045f046f",
        "project_name": "Jalan Tol Cengkareng – Batu – Ceper – Kunciran (14,19km)",
        "category": "Transport",
        "status": "Unknown",
        "budget_idr": null,
        "budget_raw": null,
        "contractor": "BUMN Konstruksi / Swasta",
        "funding_scheme": "KPBU / PPP (BUJT Concession)",
        "pjpk": "BPJT – Kementerian PUPR",
        "province": "Lintas Provinsi",
        "regency": null,
        "geocode_method": "hardcoded",
        "source_url": "https://kppip.go.id/proyek-strategis-nasional/jalan-dan-jembatan/",
        "source_name": "KPPIP",
        "scraped_at": "2026-09-14T20:59:13.909687",
        "created_at": "2026-09-14 21:01:23",
        "updated_at": "2026-09-14 21:01:23"
      }
    },
    {
      "type": "Feature",
      "geometry": {
        "type": "Point",
        "coordinates": [
          107.6191,
          -6.9175
        ]
      },
      "properties": {
        "project_id": "2c4b4c2b0116fd74",
        "project_name": "Jalan Tol Ciawi – Sukabumi – Ciranjang – Padalarang (115km)",
        "category": "Transport",
        "status": "Unknown",
        "budget_idr": null,
        "budget_raw": null,
        "contractor": "BUMN Konstruksi / Swasta",
        "funding_scheme": "KPBU / PPP (BUJT Concession)",
        "pjpk": "BPJT – Kementerian PUPR",
        "province": "Jawa Barat",
        "regency": null,
        "geocode_method": "province_fallback",
        "source_url": "https://kppip.go.id/proyek-strategis-nasional/jalan-dan-jembatan/",
        "source_name": "KPPIP",
        "scraped_at": "2026-09-14T20:59:13.909687",
        "created_at": "2026-09-14 21:01:23",
        "updated_at": "2026-09-14 21:01:23"
      }
    },
    {
      "type": "Feature",
      "geometry": {
        "type": "Point",
        "coordinates": [
          106.8456,
          -6.2088
        ]
      },
      "properties": {
        "project_id": "36b489c8574067e7",
        "project_name": "Jalan Tol Cibitung – Cilincing (34km)",
        "category": "Transport",
        "status": "Unknown",
        "budget_idr": null,
        "budget_raw": null,
        "contractor": "BUMN Konstruksi / Swasta",
        "funding_scheme": "KPBU / PPP (BUJT Concession)",
        "pjpk": "BPJT – Kementerian PUPR",
        "province": "Lintas Provinsi",
        "regency": null,
        "geocode_method": "hardcoded",
        "source_url": "https://kppip.go.id/proyek-strategis-nasional/jalan-dan-jembatan/",
        "source_name": "KPPIP",
        "scraped_at": "2026-09-14T20:59:13.909687",
        "created_at": "2026-09-14 21:01:23",
        "updated_at": "2026-09-14 21:01:23"
      }
    },
    {
      "type": "Feature",
      "geometry": {
        "type": "Point",
        "coordinates": [
          107.6191,
          -6.9175
        ]
      },
      "properties": {
        "project_id": "1b64fb3d4070a368",
        "project_name": "Jalan Tol Cileunyi – Sumedang – Dawuan (59 km)",
        "category": "Transport",
        "status": "Unknown",
        "budget_idr": null,
        "budget_raw": null,
        "contractor": "BUMN Konstruksi / Swasta",
        "funding_scheme": "KPBU / PPP (BUJT Concession)",
        "pjpk": "BPJT – Kementerian PUPR",
        "province": "Jawa Barat",
        "regency": null,
        "geocode_method": "province_fallback",
        "source_url": "https://kppip.go.id/proyek-strategis-nasional/jalan-dan-jembatan/",
        "source_name": "KPPIP",
        "scraped_at": "2026-09-14T20:59:13.909687",
        "created_at": "2026-09-14 21:01:23",
        "updated_at": "2026-09-14 21:01:23"
      }
    },
    {
      "type": "Feature",
      "geometry": {
        "type": "Point",
        "coordinates": [
          107.6191,
          -6.9175
        ]
      },
      "properties": {
        "project_id": "e7ab25b82ce85c39",
        "project_name": "Jalan Tol Cimanggis – Cibitung (25,39km)",
        "category": "Transport",
        "status": "Unknown",
        "budget_idr": null,
        "budget_raw": null,
        "contractor": "BUMN Konstruksi / Swasta",
        "funding_scheme": "KPBU / PPP (BUJT Concession)",
        "pjpk": "BPJT – Kementerian PUPR",
        "province": "Jawa Barat",
        "regency": null,
        "geocode_method": "province_fallback",
        "source_url": "https://kppip.go.id/proyek-strategis-nasional/jalan-dan-jembatan/",
        "source_name": "KPPIP",
        "scraped_at": "2026-09-14T20:59:13.909687",
        "created_at": "2026-09-14 21:01:23",
        "updated_at": "2026-09-14 21:01:23"
      }
    },
    {
      "type": "Feature",
      "geometry": {
        "type": "Point",
        "coordinates": [
          107.6191,
          -6.9175
        ]
      },
      "properties": {
        "project_id": "f110b36c190f1c97",
        "project_name": "Jalan Tol Cinere – Jagorawi (14,64km)",
        "category": "Transport",
        "status": "Unknown",
        "budget_idr": null,
        "budget_raw": null,
        "contractor": "BUMN Konstruksi / Swasta",
        "funding_scheme": "KPBU / PPP (BUJT Concession)",
        "pjpk": "BPJT – Kementerian PUPR",
        "province": "Jawa Barat",
        "regency": null,
        "geocode_method": "province_fallback",
        "source_url": "https://kppip.go.id/proyek-strategis-nasional/jalan-dan-jembatan/",
        "source_name": "KPPIP",
        "scraped_at": "2026-09-14T20:59:13.909687",
        "created_at": "2026-09-14 21:01:23",
        "updated_at": "2026-09-14 21:01:23"
      }
    },
    {
      "type": "Feature",
      "geometry": {
        "type": "Point",
        "coordinates": [
          101.7068,
          0.2933
        ]
      },
      "properties": {
        "project_id": "6bbd8c3a3c9d05ea",
        "project_name": "Jalan Tol Dumai – Sp. Sigambal – Rantau Prapat (175km)",
        "category": "Transport",
        "status": "Unknown",
        "budget_idr": null,
        "budget_raw": null,
        "contractor": "BUMN Konstruksi / Swasta",
        "funding_scheme": "KPBU / PPP (BUJT Concession)",
        "pjpk": "BPJT – Kementerian PUPR",
        "province": "Lintas Provinsi",
        "regency": null,
        "geocode_method": "exact_kabupaten",
        "source_url": "https://kppip.go.id/proyek-strategis-nasional/jalan-dan-jembatan/",
        "source_name": "KPPIP",
        "scraped_at": "2026-09-14T20:59:13.909687",
        "created_at": "2026-09-14 21:01:23",
        "updated_at": "2026-09-14 21:01:23"
      }
    },
    {
      "type": "Feature",
      "geometry": {
        "type": "Point",
        "coordinates": [
          106.8456,
          -6.2088
        ]
      },
      "properties": {
        "project_id": "b08e48df3df0264c",
        "project_name": "Jalan Tol Duri Pulo – Kampung Melayu 9,6km (bagian dari 6 ruas tol DKI Jakarta)",
        "category": "Transport",
        "status": "Unknown",
        "budget_idr": null,
        "budget_raw": null,
        "contractor": "BUMN Konstruksi / Swasta",
        "funding_scheme": "KPBU / PPP (BUJT Concession)",
        "pjpk": "BPJT – Kementerian PUPR",
        "province": "DKI Jakarta",
        "regency": null,
        "geocode_method": "hardcoded",
        "source_url": "https://kppip.go.id/proyek-strategis-nasional/jalan-dan-jembatan/",
        "source_name": "KPPIP",
        "scraped_at": "2026-09-14T20:59:13.909687",
        "created_at": "2026-09-14 21:01:23",
        "updated_at": "2026-09-14 21:01:23"
      }
    },
    {
      "type": "Feature",
      "geometry": {
        "type": "Point",
        "coordinates": [
          107.6191,
          -6.9175
        ]
      },
      "properties": {
        "project_id": "df6b0c19076a52dc",
        "project_name": "Jalan Tol Gedebage – Tasikmalaya – Cilacap",
        "category": "Transport",
        "status": "Unknown",
        "budget_idr": null,
        "budget_raw": null,
        "contractor": "BUMN Konstruksi / Swasta",
        "funding_scheme": "KPBU / PPP (BUJT Concession)",
        "pjpk": "BPJT – Kementerian PUPR",
        "province": "Lintas Provinsi",
        "regency": null,
        "geocode_method": "province_fallback",
        "source_url": "https://kppip.go.id/proyek-strategis-nasional/jalan-dan-jembatan/",
        "source_name": "KPPIP",
        "scraped_at": "2026-09-14T20:59:13.909687",
        "created_at": "2026-09-14 21:01:23",
        "updated_at": "2026-09-14 21:01:23"
      }
    },
    {
      "type": "Feature",
      "geometry": {
        "type": "Point",
        "coordinates": [
          106.8456,
          -6.2088
        ]
      },
      "properties": {
        "project_id": "dd9238ebf7980bb8",
        "project_name": "Jalan Tol Jakarta Cikampek II Sisi Selatan (36,4km)",
        "category": "Transport",
        "status": "Unknown",
        "budget_idr": null,
        "budget_raw": null,
        "contractor": "BUMN Konstruksi / Swasta",
        "funding_scheme": "KPBU / PPP (BUJT Concession)",
        "pjpk": "BPJT – Kementerian PUPR",
        "province": "Lintas Provinsi",
        "regency": null,
        "geocode_method": "hardcoded",
        "source_url": "https://kppip.go.id/proyek-strategis-nasional/jalan-dan-jembatan/",
        "source_name": "KPPIP",
        "scraped_at": "2026-09-14T20:59:13.909687",
        "created_at": "2026-09-14 21:01:23",
        "updated_at": "2026-09-14 21:01:23"
      }
    },
    {
      "type": "Feature",
      "geometry": {
        "type": "Point",
        "coordinates": [
          103.6131,
          -1.6101
        ]
      },
      "properties": {
        "project_id": "a42d6df85f3b2999",
        "project_name": "Jalan Tol Jambi – Rengat (190km)",
        "category": "Transport",
        "status": "Unknown",
        "budget_idr": null,
        "budget_raw": null,
        "contractor": "BUMN Konstruksi / Swasta",
        "funding_scheme": "KPBU / PPP (BUJT Concession)",
        "pjpk": "BPJT – Kementerian PUPR",
        "province": "Lintas Provinsi",
        "regency": null,
        "geocode_method": "exact_kabupaten",
        "source_url": "https://kppip.go.id/proyek-strategis-nasional/jalan-dan-jembatan/",
        "source_name": "KPPIP",
        "scraped_at": "2026-09-14T20:59:13.909687",
        "created_at": "2026-09-14 21:01:23",
        "updated_at": "2026-09-14 21:01:23"
      }
    },
    {
      "type": "Feature",
      "geometry": {
        "type": "Point",
        "coordinates": [
          107.6191,
          -6.9175
        ]
      },
      "properties": {
        "project_id": "7b6774850ef0df28",
        "project_name": "Jalan Tol Kayu Agung – Palembang – Betung (112km)",
        "category": "Transport",
        "status": "Unknown",
        "budget_idr": null,
        "budget_raw": null,
        "contractor": "BUMN Konstruksi / Swasta",
        "funding_scheme": "KPBU / PPP (BUJT Concession)",
        "pjpk": "BPJT – Kementerian PUPR",
        "province": "Jawa Barat",
        "regency": null,
        "geocode_method": "province_fallback",
        "source_url": "https://kppip.go.id/proyek-strategis-nasional/jalan-dan-jembatan/",
        "source_name": "KPPIP",
        "scraped_at": "2026-09-14T20:59:13.909687",
        "created_at": "2026-09-14 21:01:23",
        "updated_at": "2026-09-14 21:01:23"
      }
    },
    {
      "type": "Feature",
      "geometry": {
        "type": "Point",
        "coordinates": [
          106.8456,
          -6.2088
        ]
      },
      "properties": {
        "project_id": "4a449c6d515cc6a6",
        "project_name": "Jalan Tol Kemayoran – Kampung Melayu 9,6km (bagian dari 6 ruas tol DKI Jakarta)",
        "category": "Transport",
        "status": "Unknown",
        "budget_idr": null,
        "budget_raw": null,
        "contractor": "BUMN Konstruksi / Swasta",
        "funding_scheme": "KPBU / PPP (BUJT Concession)",
        "pjpk": "BPJT – Kementerian PUPR",
        "province": "DKI Jakarta",
        "regency": null,
        "geocode_method": "hardcoded",
        "source_url": "https://kppip.go.id/proyek-strategis-nasional/jalan-dan-jembatan/",
        "source_name": "KPPIP",
        "scraped_at": "2026-09-14T20:59:13.909687",
        "created_at": "2026-09-14 21:01:23",
        "updated_at": "2026-09-14 21:01:23"
      }
    },
    {
      "type": "Feature",
      "geometry": {
        "type": "Point",
        "coordinates": [
          99.5451,
          2.1154
        ]
      },
      "properties": {
        "project_id": "1c9c112d4f5b85e5",
        "project_name": "Jalan Tol Kisaran – Tebing Tinggi – bagian dari 8 ruas Trans Sumatera",
        "category": "Transport",
        "status": "Unknown",
        "budget_idr": 8.7,
        "budget_raw": "Rp 8,7 Triliun",
        "contractor": "Hutama Karya",
        "funding_scheme": "BUMN",
        "pjpk": "PT. Hutama Karya (Persero) Divisi Jalan Tol",
        "province": "Sumatera Utara",
        "regency": null,
        "geocode_method": "province_fallback",
        "source_url": "https://kppip.go.id/proyek-strategis-nasional/jalan-dan-jembatan/jalan-tol-kisaran-tebing-tinggi-bagian-8-ruas-trans-sumatera/",
        "source_name": "KPPIP",
        "scraped_at": "2026-09-14T20:59:13.909687",
        "created_at": "2026-09-14 21:01:23",
        "updated_at": "2026-09-14 21:01:23"
      }
    },
    {
      "type": "Feature",
      "geometry": {
        "type": "Point",
        "coordinates": [
          112.2384,
          -7.5361
        ]
      },
      "properties": {
        "project_id": "eeef52901c78d9cf",
        "project_name": "Jalan Tol Krian – Legundi – Bunder – Manyar (39km)",
        "category": "Transport",
        "status": "Unknown",
        "budget_idr": null,
        "budget_raw": null,
        "contractor": "BUMN Konstruksi / Swasta",
        "funding_scheme": "KPBU / PPP (BUJT Concession)",
        "pjpk": "BPJT – Kementerian PUPR",
        "province": "Jawa Timur",
        "regency": null,
        "geocode_method": "province_fallback",
        "source_url": "https://kppip.go.id/proyek-strategis-nasional/jalan-dan-jembatan/",
        "source_name": "KPPIP",
        "scraped_at": "2026-09-14T20:59:13.909687",
        "created_at": "2026-09-14 21:01:23",
        "updated_at": "2026-09-14 21:01:23"
      }
    },
    {
      "type": "Feature",
      "geometry": {
        "type": "Point",
        "coordinates": [
          95.3238,
          5.5483
        ]
      },
      "properties": {
        "project_id": "86e3e71e7a955e85",
        "project_name": "Jalan Tol Langsa – Lhokseumawe – bagian dari ruas Trans Sumatera",
        "category": "Transport",
        "status": "Unknown",
        "budget_idr": null,
        "budget_raw": null,
        "contractor": "BUMN Konstruksi / Swasta",
        "funding_scheme": "Penugasan BUMN (Hutama Karya)",
        "pjpk": "BPJT – Kementerian PUPR",
        "province": "Aceh",
        "regency": null,
        "geocode_method": "exact_kabupaten",
        "source_url": "https://kppip.go.id/proyek-strategis-nasional/jalan-dan-jembatan/",
        "source_name": "KPPIP",
        "scraped_at": "2026-09-14T20:59:13.909687",
        "created_at": "2026-09-14 21:01:23",
        "updated_at": "2026-09-14 21:01:23"
      }
    },
    {
      "type": "Feature",
      "geometry": {
        "type": "Point",
        "coordinates": [
          95.3238,
          5.5483
        ]
      },
      "properties": {
        "project_id": "d711acf2f57bd7ff",
        "project_name": "Jalan Tol Lhokseumawe – Sigli – bagian dari 15 ruas Trans Sumatera",
        "category": "Transport",
        "status": "Unknown",
        "budget_idr": null,
        "budget_raw": null,
        "contractor": "BUMN Konstruksi / Swasta",
        "funding_scheme": "Penugasan BUMN (Hutama Karya)",
        "pjpk": "BPJT – Kementerian PUPR",
        "province": "Aceh",
        "regency": null,
        "geocode_method": "exact_kabupaten",
        "source_url": "https://kppip.go.id/proyek-strategis-nasional/jalan-dan-jembatan/",
        "source_name": "KPPIP",
        "scraped_at": "2026-09-14T20:59:13.909687",
        "created_at": "2026-09-14 21:01:23",
        "updated_at": "2026-09-14 21:01:23"
      }
    },
    {
      "type": "Feature",
      "geometry": {
        "type": "Point",
        "coordinates": [
          102.2655,
          -3.8004
        ]
      },
      "properties": {
        "project_id": "0e8812265c2f41bf",
        "project_name": "Jalan Tol Lubuk Linggau – Curup – Bengkulu (95km)",
        "category": "Transport",
        "status": "Unknown",
        "budget_idr": null,
        "budget_raw": null,
        "contractor": "BUMN Konstruksi / Swasta",
        "funding_scheme": "KPBU / PPP (BUJT Concession)",
        "pjpk": "BPJT – Kementerian PUPR",
        "province": "Lintas Provinsi",
        "regency": null,
        "geocode_method": "exact_kabupaten",
        "source_url": "https://kppip.go.id/proyek-strategis-nasional/jalan-dan-jembatan/",
        "source_name": "KPPIP",
        "scraped_at": "2026-09-14T20:59:13.909687",
        "created_at": "2026-09-14 21:01:23",
        "updated_at": "2026-09-14 21:01:23"
      }
    },
    {
      "type": "Feature",
      "geometry": {
        "type": "Point",
        "coordinates": [
          124.8421,
          1.4748
        ]
      },
      "properties": {
        "project_id": "2716c53967a08fda",
        "project_name": "Jalan Tol Manado-Bitung (39,90km)",
        "category": "Transport",
        "status": "Completed",
        "budget_idr": 8935.0,
        "budget_raw": "Rp 8.935 Triliun",
        "contractor": "BPJT – Kementerian PUPR",
        "funding_scheme": "KPBU",
        "pjpk": "BPJT – Kementerian PUPR",
        "province": "Sulawesi Utara",
        "regency": "Manado",
        "geocode_method": "exact_kabupaten",
        "source_url": "https://kppip.go.id/proyek-strategis-nasional/jalan-dan-jembatan/jalan-tol-manado-bitung-3990km/",
        "source_name": "KPPIP",
        "scraped_at": "2026-09-14T20:59:13.909687",
        "created_at": "2026-09-14 21:01:23",
        "updated_at": "2026-09-14 21:01:23"
      }
    },
    {
      "type": "Feature",
      "geometry": {
        "type": "Point",
        "coordinates": [
          99.5451,
          2.1154
        ]
      },
      "properties": {
        "project_id": "29e7272cc0c552e3",
        "project_name": "Jalan Tol Medan – Binjai (16km) – bagian dari 8 ruas Trans Sumatera",
        "category": "Transport",
        "status": "Construction",
        "budget_idr": 1604.0,
        "budget_raw": "Rp 1,604 Triliun",
        "contractor": "Hutama Karya",
        "funding_scheme": "Penugasan BUMN",
        "pjpk": "Hutama Karya",
        "province": "Sumatera Utara",
        "regency": null,
        "geocode_method": "province_fallback",
        "source_url": "https://kppip.go.id/proyek-prioritas/jalan-jembatan/jalan-tol-medan-binjai/",
        "source_name": "KPPIP",
        "scraped_at": "2026-09-14T20:59:13.909687",
        "created_at": "2026-09-14 21:01:23",
        "updated_at": "2026-09-14 21:01:23"
      }
    },
    {
      "type": "Feature",
      "geometry": {
        "type": "Point",
        "coordinates": [
          103.9144,
          -3.3194
        ]
      },
      "properties": {
        "project_id": "351af10330b37ee7",
        "project_name": "Jalan Tol Muara Enim – Lubuk Linggau – Lahat (125km)",
        "category": "Transport",
        "status": "Unknown",
        "budget_idr": null,
        "budget_raw": null,
        "contractor": "BUMN Konstruksi / Swasta",
        "funding_scheme": "KPBU / PPP (BUJT Concession)",
        "pjpk": "BPJT – Kementerian PUPR",
        "province": "Sumatera Selatan",
        "regency": null,
        "geocode_method": "province_fallback",
        "source_url": "https://kppip.go.id/proyek-strategis-nasional/jalan-dan-jembatan/",
        "source_name": "KPPIP",
        "scraped_at": "2026-09-14T20:59:13.909687",
        "created_at": "2026-09-14 21:01:23",
        "updated_at": "2026-09-14 21:01:23"
      }
    },
    {
      "type": "Feature",
      "geometry": {
        "type": "Point",
        "coordinates": [
          112.2384,
          -7.5361
        ]
      },
      "properties": {
        "project_id": "3138161768bc7bb7",
        "project_name": "Jalan Tol Pandaan – Malang (37,62km)",
        "category": "Transport",
        "status": "Unknown",
        "budget_idr": null,
        "budget_raw": null,
        "contractor": "BUMN Konstruksi / Swasta",
        "funding_scheme": "KPBU / PPP (BUJT Concession)",
        "pjpk": "BPJT – Kementerian PUPR",
        "province": "Jawa Timur",
        "regency": null,
        "geocode_method": "province_fallback",
        "source_url": "https://kppip.go.id/proyek-strategis-nasional/jalan-dan-jembatan/",
        "source_name": "KPPIP",
        "scraped_at": "2026-09-14T20:59:13.909687",
        "created_at": "2026-09-14 21:01:23",
        "updated_at": "2026-09-14 21:01:23"
      }
    },
    {
      "type": "Feature",
      "geometry": {
        "type": "Point",
        "coordinates": [
          106.8456,
          -6.2088
        ]
      },
      "properties": {
        "project_id": "f96eb1e8f211f33f",
        "project_name": "Jalan Tol Pasar Minggu – Casablanca 9,16 km (bagian dari 6 ruas tol DKI Jakarta)",
        "category": "Transport",
        "status": "Unknown",
        "budget_idr": null,
        "budget_raw": null,
        "contractor": "BUMN Konstruksi / Swasta",
        "funding_scheme": "KPBU / PPP (BUJT Concession)",
        "pjpk": "BPJT – Kementerian PUPR",
        "province": "DKI Jakarta",
        "regency": null,
        "geocode_method": "hardcoded",
        "source_url": "https://kppip.go.id/proyek-strategis-nasional/jalan-dan-jembatan/",
        "source_name": "KPPIP",
        "scraped_at": "2026-09-14T20:59:13.909687",
        "created_at": "2026-09-14 21:01:23",
        "updated_at": "2026-09-14 21:01:23"
      }
    },
    {
      "type": "Feature",
      "geometry": {
        "type": "Point",
        "coordinates": [
          112.2384,
          -7.5361
        ]
      },
      "properties": {
        "project_id": "37eb8c7251f3b501",
        "project_name": "Jalan Tol Pasuruan – Probolinggo (31,3km)",
        "category": "Transport",
        "status": "Unknown",
        "budget_idr": null,
        "budget_raw": null,
        "contractor": "BUMN Konstruksi / Swasta",
        "funding_scheme": "KPBU / PPP (BUJT Concession)",
        "pjpk": "BPJT – Kementerian PUPR",
        "province": "Jawa Timur",
        "regency": null,
        "geocode_method": "province_fallback",
        "source_url": "https://kppip.go.id/proyek-strategis-nasional/jalan-dan-jembatan/",
        "source_name": "KPPIP",
        "scraped_at": "2026-09-14T20:59:13.909687",
        "created_at": "2026-09-14 21:01:23",
        "updated_at": "2026-09-14 21:01:23"
      }
    },
    {
      "type": "Feature",
      "geometry": {
        "type": "Point",
        "coordinates": [
          101.7068,
          0.2933
        ]
      },
      "properties": {
        "project_id": "beab6209170f8d5b",
        "project_name": "Jalan Tol Pekanbaru – Bangkinang – Payakumbuh – Bukittinggi (185km)",
        "category": "Transport",
        "status": "Planning",
        "budget_idr": 28720.0,
        "budget_raw": "Rp 28.720 Triliun",
        "contractor": "Hutama Karya",
        "funding_scheme": "Penugasan BUMN",
        "pjpk": "Hutama Karya",
        "province": "Lintas Provinsi",
        "regency": null,
        "geocode_method": "exact_kabupaten",
        "source_url": "https://kppip.go.id/proyek-strategis-nasional/jalan-dan-jembatan/jalan-tol-pekanbaru-bangkinang-payakumbuh-bukittinggi-185km/",
        "source_name": "KPPIP",
        "scraped_at": "2026-09-14T20:59:13.909687",
        "created_at": "2026-09-14 21:01:23",
        "updated_at": "2026-09-14 21:01:23"
      }
    },
    {
      "type": "Feature",
      "geometry": {
        "type": "Point",
        "coordinates": [
          101.7068,
          0.2933
        ]
      },
      "properties": {
        "project_id": "b5cf2a14bef3bff2",
        "project_name": "Jalan Tol Pekanbaru – Kandis – Dumai (135km) – bagian dari 8 ruas Trans Sumatera",
        "category": "Transport",
        "status": "Unknown",
        "budget_idr": 16210.0,
        "budget_raw": "Rp 16,210 Triliun",
        "contractor": "Hutama Karya",
        "funding_scheme": "Penugasan BUMN",
        "pjpk": "Hutama Karya",
        "province": "Riau",
        "regency": null,
        "geocode_method": "exact_kabupaten",
        "source_url": "https://kppip.go.id/proyek-prioritas/jalan-jembatan/jalan-tol-pekanbaru-kandis-dumai/",
        "source_name": "KPPIP",
        "scraped_at": "2026-09-14T20:59:13.909687",
        "created_at": "2026-09-14 21:01:23",
        "updated_at": "2026-09-14 21:01:23"
      }
    },
    {
      "type": "Feature",
      "geometry": {
        "type": "Point",
        "coordinates": [
          112.2384,
          -7.5361
        ]
      },
      "properties": {
        "project_id": "8cf775e9edf8e100",
        "project_name": "Jalan Tol Probolinggo – Banyuwangi (170,36km)",
        "category": "Transport",
        "status": "Unknown",
        "budget_idr": null,
        "budget_raw": null,
        "contractor": "BUMN Konstruksi / Swasta",
        "funding_scheme": "KPBU / PPP (BUJT Concession)",
        "pjpk": "BPJT – Kementerian PUPR",
        "province": "Jawa Timur",
        "regency": null,
        "geocode_method": "province_fallback",
        "source_url": "https://kppip.go.id/proyek-strategis-nasional/jalan-dan-jembatan/",
        "source_name": "KPPIP",
        "scraped_at": "2026-09-14T20:59:13.909687",
        "created_at": "2026-09-14 21:01:23",
        "updated_at": "2026-09-14 21:01:23"
      }
    },
    {
      "type": "Feature",
      "geometry": {
        "type": "Point",
        "coordinates": [
          99.5451,
          2.1154
        ]
      },
      "properties": {
        "project_id": "44b1bce54c4d3be3",
        "project_name": "Jalan Tol Rantau Prapat – Kisaran (100km)",
        "category": "Transport",
        "status": "Unknown",
        "budget_idr": null,
        "budget_raw": null,
        "contractor": "BUMN Konstruksi / Swasta",
        "funding_scheme": "KPBU / PPP (BUJT Concession)",
        "pjpk": "BPJT – Kementerian PUPR",
        "province": "Sumatera Utara",
        "regency": null,
        "geocode_method": "province_fallback",
        "source_url": "https://kppip.go.id/proyek-strategis-nasional/jalan-dan-jembatan/",
        "source_name": "KPPIP",
        "scraped_at": "2026-09-14T20:59:13.909687",
        "created_at": "2026-09-14 21:01:23",
        "updated_at": "2026-09-14 21:01:23"
      }
    },
    {
      "type": "Feature",
      "geometry": {
        "type": "Point",
        "coordinates": [
          101.7068,
          0.2933
        ]
      },
      "properties": {
        "project_id": "76cd0baa05501475",
        "project_name": "Jalan Tol Rengat – Pekanbaru (175km)",
        "category": "Transport",
        "status": "Unknown",
        "budget_idr": null,
        "budget_raw": null,
        "contractor": "BUMN Konstruksi / Swasta",
        "funding_scheme": "KPBU / PPP (BUJT Concession)",
        "pjpk": "BPJT – Kementerian PUPR",
        "province": "Riau",
        "regency": null,
        "geocode_method": "exact_kabupaten",
        "source_url": "https://kppip.go.id/proyek-strategis-nasional/jalan-dan-jembatan/",
        "source_name": "KPPIP",
        "scraped_at": "2026-09-14T20:59:13.909687",
        "created_at": "2026-09-14 21:01:23",
        "updated_at": "2026-09-14 21:01:23"
      }
    },
    {
      "type": "Feature",
      "geometry": {
        "type": "Point",
        "coordinates": [
          106.8456,
          -6.2088
        ]
      },
      "properties": {
        "project_id": "b7fc8da12a755ec5",
        "project_name": "Jalan Tol Semanan – Sunter (20,2km) (bagian dari 6 ruas tol DKI Jakarta)",
        "category": "Transport",
        "status": "Unknown",
        "budget_idr": null,
        "budget_raw": null,
        "contractor": "BUMN Konstruksi / Swasta",
        "funding_scheme": "KPBU / PPP (BUJT Concession)",
        "pjpk": "BPJT – Kementerian PUPR",
        "province": "DKI Jakarta",
        "regency": null,
        "geocode_method": "hardcoded",
        "source_url": "https://kppip.go.id/proyek-strategis-nasional/jalan-dan-jembatan/",
        "source_name": "KPPIP",
        "scraped_at": "2026-09-14T20:59:13.909687",
        "created_at": "2026-09-14 21:01:23",
        "updated_at": "2026-09-14 21:01:23"
      }
    },
    {
      "type": "Feature",
      "geometry": {
        "type": "Point",
        "coordinates": [
          110.1403,
          -7.151
        ]
      },
      "properties": {
        "project_id": "375a4c998e09e6e5",
        "project_name": "Jalan Tol Semarang Harbour",
        "category": "Transport",
        "status": "Unknown",
        "budget_idr": null,
        "budget_raw": null,
        "contractor": "BUMN Konstruksi / Swasta",
        "funding_scheme": "KPBU / PPP (BUJT Concession)",
        "pjpk": "BPJT – Kementerian PUPR",
        "province": "Jawa Tengah",
        "regency": null,
        "geocode_method": "province_fallback",
        "source_url": "https://kppip.go.id/proyek-strategis-nasional/jalan-dan-jembatan/",
        "source_name": "KPPIP",
        "scraped_at": "2026-09-14T20:59:13.909687",
        "created_at": "2026-09-14 21:01:23",
        "updated_at": "2026-09-14 21:01:23"
      }
    },
    {
      "type": "Feature",
      "geometry": {
        "type": "Point",
        "coordinates": [
          110.1403,
          -7.151
        ]
      },
      "properties": {
        "project_id": "e2887e54a9de5744",
        "project_name": "Jalan Tol Semarang – Demak (23,99km)",
        "category": "Transport",
        "status": "Unknown",
        "budget_idr": null,
        "budget_raw": null,
        "contractor": "BUMN Konstruksi / Swasta",
        "funding_scheme": "KPBU / PPP (BUJT Concession)",
        "pjpk": "BPJT – Kementerian PUPR",
        "province": "Jawa Tengah",
        "regency": null,
        "geocode_method": "province_fallback",
        "source_url": "https://kppip.go.id/proyek-strategis-nasional/jalan-dan-jembatan/",
        "source_name": "KPPIP",
        "scraped_at": "2026-09-14T20:59:13.909687",
        "created_at": "2026-09-14 21:01:23",
        "updated_at": "2026-09-14 21:01:23"
      }
    },
    {
      "type": "Feature",
      "geometry": {
        "type": "Point",
        "coordinates": [
          106.064,
          -6.4058
        ]
      },
      "properties": {
        "project_id": "08ec1665eecd1a63",
        "project_name": "Jalan Tol Serang – Panimbang (83,6km)",
        "category": "Transport",
        "status": "Unknown",
        "budget_idr": null,
        "budget_raw": null,
        "contractor": "BUMN Konstruksi / Swasta",
        "funding_scheme": "KPBU / PPP (BUJT Concession)",
        "pjpk": "BPJT – Kementerian PUPR",
        "province": "Banten",
        "regency": null,
        "geocode_method": "province_fallback",
        "source_url": "https://kppip.go.id/proyek-strategis-nasional/jalan-dan-jembatan/",
        "source_name": "KPPIP",
        "scraped_at": "2026-09-14T20:59:13.909687",
        "created_at": "2026-09-14 21:01:23",
        "updated_at": "2026-09-14 21:01:23"
      }
    },
    {
      "type": "Feature",
      "geometry": {
        "type": "Point",
        "coordinates": [
          106.064,
          -6.4058
        ]
      },
      "properties": {
        "project_id": "7905b36466edd438",
        "project_name": "Jalan Tol Serpong – Balaraja (30km)",
        "category": "Transport",
        "status": "Unknown",
        "budget_idr": null,
        "budget_raw": null,
        "contractor": "BUMN Konstruksi / Swasta",
        "funding_scheme": "KPBU / PPP (BUJT Concession)",
        "pjpk": "BPJT – Kementerian PUPR",
        "province": "Banten",
        "regency": null,
        "geocode_method": "province_fallback",
        "source_url": "https://kppip.go.id/proyek-strategis-nasional/jalan-dan-jembatan/",
        "source_name": "KPPIP",
        "scraped_at": "2026-09-14T20:59:13.909687",
        "created_at": "2026-09-14 21:01:23",
        "updated_at": "2026-09-14 21:01:23"
      }
    },
    {
      "type": "Feature",
      "geometry": {
        "type": "Point",
        "coordinates": [
          106.064,
          -6.4058
        ]
      },
      "properties": {
        "project_id": "f0266fa373e33b1c",
        "project_name": "Jalan Tol Serpong – Cinere (10,14km)",
        "category": "Transport",
        "status": "Unknown",
        "budget_idr": null,
        "budget_raw": null,
        "contractor": "BUMN Konstruksi / Swasta",
        "funding_scheme": "KPBU / PPP (BUJT Concession)",
        "pjpk": "BPJT – Kementerian PUPR",
        "province": "Lintas Provinsi",
        "regency": null,
        "geocode_method": "province_fallback",
        "source_url": "https://kppip.go.id/proyek-strategis-nasional/jalan-dan-jembatan/",
        "source_name": "KPPIP",
        "scraped_at": "2026-09-14T20:59:13.909687",
        "created_at": "2026-09-14 21:01:23",
        "updated_at": "2026-09-14 21:01:23"
      }
    },
    {
      "type": "Feature",
      "geometry": {
        "type": "Point",
        "coordinates": [
          95.3238,
          5.5483
        ]
      },
      "properties": {
        "project_id": "2c0f54dc154ddf62",
        "project_name": "Jalan Tol Sigli – Banda Aceh – bagian dari 15 ruas Trans Sumatera",
        "category": "Transport",
        "status": "Unknown",
        "budget_idr": null,
        "budget_raw": null,
        "contractor": "BUMN Konstruksi / Swasta",
        "funding_scheme": "Penugasan BUMN (Hutama Karya)",
        "pjpk": "BPJT – Kementerian PUPR",
        "province": "Aceh",
        "regency": null,
        "geocode_method": "exact_kabupaten",
        "source_url": "https://kppip.go.id/proyek-strategis-nasional/jalan-dan-jembatan/",
        "source_name": "KPPIP",
        "scraped_at": "2026-09-14T20:59:13.909687",
        "created_at": "2026-09-14 21:01:23",
        "updated_at": "2026-09-14 21:01:23"
      }
    },
    {
      "type": "Feature",
      "geometry": {
        "type": "Point",
        "coordinates": [
          103.9144,
          -3.3194
        ]
      },
      "properties": {
        "project_id": "3ebc76ac384ce161",
        "project_name": "Jalan Tol Simpang Indralaya – Muara Enim (110km)",
        "category": "Transport",
        "status": "Unknown",
        "budget_idr": null,
        "budget_raw": null,
        "contractor": "BUMN Konstruksi / Swasta",
        "funding_scheme": "KPBU / PPP (BUJT Concession)",
        "pjpk": "BPJT – Kementerian PUPR",
        "province": "Sumatera Selatan",
        "regency": null,
        "geocode_method": "province_fallback",
        "source_url": "https://kppip.go.id/proyek-strategis-nasional/jalan-dan-jembatan/",
        "source_name": "KPPIP",
        "scraped_at": "2026-09-14T20:59:13.909687",
        "created_at": "2026-09-14 21:01:23",
        "updated_at": "2026-09-14 21:01:23"
      }
    },
    {
      "type": "Feature",
      "geometry": {
        "type": "Point",
        "coordinates": [
          106.8456,
          -6.2088
        ]
      },
      "properties": {
        "project_id": "3b3569afc9cad74b",
        "project_name": "Jalan Tol Sunter – Pulo Gebang 9,44km (bagian dari 6 ruas tol DKI Jakarta)",
        "category": "Transport",
        "status": "Unknown",
        "budget_idr": null,
        "budget_raw": null,
        "contractor": "BUMN Konstruksi / Swasta",
        "funding_scheme": "KPBU / PPP (BUJT Concession)",
        "pjpk": "BPJT – Kementerian PUPR",
        "province": "DKI Jakarta",
        "regency": null,
        "geocode_method": "hardcoded",
        "source_url": "https://kppip.go.id/proyek-strategis-nasional/jalan-dan-jembatan/",
        "source_name": "KPPIP",
        "scraped_at": "2026-09-14T20:59:13.909687",
        "created_at": "2026-09-14 21:01:23",
        "updated_at": "2026-09-14 21:01:23"
      }
    },
    {
      "type": "Feature",
      "geometry": {
        "type": "Point",
        "coordinates": [
          99.5451,
          2.1154
        ]
      },
      "properties": {
        "project_id": "db91651e30ed18b0",
        "project_name": "Jalan Tol Tebing Tinggi – Pematang Siantar – Prapat – Tarutung – Sibolga – bagian dari ruas Trans Sumatera",
        "category": "Transport",
        "status": "Unknown",
        "budget_idr": null,
        "budget_raw": null,
        "contractor": "BUMN Konstruksi / Swasta",
        "funding_scheme": "Penugasan BUMN (Hutama Karya)",
        "pjpk": "BPJT – Kementerian PUPR",
        "province": "Sumatera Utara",
        "regency": null,
        "geocode_method": "province_fallback",
        "source_url": "https://kppip.go.id/proyek-strategis-nasional/jalan-dan-jembatan/",
        "source_name": "KPPIP",
        "scraped_at": "2026-09-14T20:59:13.909687",
        "created_at": "2026-09-14 21:01:23",
        "updated_at": "2026-09-14 21:01:23"
      }
    },
    {
      "type": "Feature",
      "geometry": {
        "type": "Point",
        "coordinates": [
          106.8456,
          -6.2088
        ]
      },
      "properties": {
        "project_id": "aa821d24c542f472",
        "project_name": "Jalan Tol Ulujami – Tanah Abang 8,7km (bagian dari 6 ruas tol DKI Jakarta)",
        "category": "Transport",
        "status": "Unknown",
        "budget_idr": null,
        "budget_raw": null,
        "contractor": "BUMN Konstruksi / Swasta",
        "funding_scheme": "KPBU / PPP (BUJT Concession)",
        "pjpk": "BPJT – Kementerian PUPR",
        "province": "DKI Jakarta",
        "regency": null,
        "geocode_method": "hardcoded",
        "source_url": "https://kppip.go.id/proyek-strategis-nasional/jalan-dan-jembatan/",
        "source_name": "KPPIP",
        "scraped_at": "2026-09-14T20:59:13.909687",
        "created_at": "2026-09-14 21:01:23",
        "updated_at": "2026-09-14 21:01:23"
      }
    },
    {
      "type": "Feature",
      "geometry": {
        "type": "Point",
        "coordinates": [
          110.3695,
          -7.7956
        ]
      },
      "properties": {
        "project_id": "7479de27a2f60628",
        "project_name": "Jalan Tol Yogyakarta – Bawen (71km)",
        "category": "Transport",
        "status": "Unknown",
        "budget_idr": null,
        "budget_raw": null,
        "contractor": "BUMN Konstruksi / Swasta",
        "funding_scheme": "KPBU / PPP (BUJT Concession)",
        "pjpk": "BPJT – Kementerian PUPR",
        "province": "Lintas Provinsi",
        "regency": null,
        "geocode_method": "exact_kabupaten",
        "source_url": "https://kppip.go.id/proyek-strategis-nasional/jalan-dan-jembatan/",
        "source_name": "KPPIP",
        "scraped_at": "2026-09-14T20:59:13.909687",
        "created_at": "2026-09-14 21:01:23",
        "updated_at": "2026-09-14 21:01:23"
      }
    },
    {
      "type": "Feature",
      "geometry": {
        "type": "Point",
        "coordinates": [
          119.4327,
          -5.1477
        ]
      },
      "properties": {
        "project_id": "180aa8c6da510d4e",
        "project_name": "Jalan tol Makassar – Maros – Sungguminasa – Takalar (Mamminasata)",
        "category": "Transport",
        "status": "Unknown",
        "budget_idr": null,
        "budget_raw": null,
        "contractor": "BUMN Konstruksi / Swasta",
        "funding_scheme": "KPBU / PPP (BUJT Concession)",
        "pjpk": "BPJT – Kementerian PUPR",
        "province": "Sulawesi Selatan",
        "regency": null,
        "geocode_method": "exact_kabupaten",
        "source_url": "https://kppip.go.id/proyek-strategis-nasional/jalan-dan-jembatan/",
        "source_name": "KPPIP",
        "scraped_at": "2026-09-14T20:59:13.909687",
        "created_at": "2026-09-14 21:01:23",
        "updated_at": "2026-09-14 21:01:23"
      }
    },
    {
      "type": "Feature",
      "geometry": {
        "type": "Point",
        "coordinates": [
          103.9144,
          -3.3194
        ]
      },
      "properties": {
        "project_id": "85731f2aae0464dc",
        "project_name": "Kawasan Ekonomi Khusus Tanjung Api-Api",
        "category": "Transport",
        "status": "Unknown",
        "budget_idr": null,
        "budget_raw": null,
        "contractor": "BUMN Konstruksi / Swasta",
        "funding_scheme": "APBN / KPBU",
        "pjpk": "Kementerian / Lembaga Terkait",
        "province": "Sumatera Selatan",
        "regency": null,
        "geocode_method": "province_fallback",
        "source_url": "https://kppip.go.id/proyek-strategis-nasional/s-pembangunan-kawasan-industri-prioritas-kawasan-ekonomi-khusus/",
        "source_name": "KPPIP",
        "scraped_at": "2026-09-14T20:59:13.909687",
        "created_at": "2026-09-14 21:01:23",
        "updated_at": "2026-09-14 21:01:23"
      }
    },
    {
      "type": "Feature",
      "geometry": {
        "type": "Point",
        "coordinates": [
          119.4327,
          -5.1477
        ]
      },
      "properties": {
        "project_id": "c68a781236d938a1",
        "project_name": "Kawasan Industri Bantaeng",
        "category": "Transport",
        "status": "Unknown",
        "budget_idr": null,
        "budget_raw": null,
        "contractor": "BUMN Konstruksi / Swasta",
        "funding_scheme": "Swasta / Private Investment",
        "pjpk": "Kementerian Perindustrian / Kementerian ESDM",
        "province": "Sulawesi Selatan",
        "regency": null,
        "geocode_method": "exact_kabupaten",
        "source_url": "https://kppip.go.id/proyek-strategis-nasional/s-pembangunan-kawasan-industri-prioritas-kawasan-ekonomi-khusus/",
        "source_name": "KPPIP",
        "scraped_at": "2026-09-14T20:59:13.909687",
        "created_at": "2026-09-14 21:01:23",
        "updated_at": "2026-09-14 21:01:23"
      }
    },
    {
      "type": "Feature",
      "geometry": {
        "type": "Point",
        "coordinates": [
          114.5914,
          -3.3167
        ]
      },
      "properties": {
        "project_id": "a704690923a640a9",
        "project_name": "Kawasan Industri Jorong",
        "category": "Transport",
        "status": "Unknown",
        "budget_idr": null,
        "budget_raw": null,
        "contractor": "BUMN Konstruksi / Swasta",
        "funding_scheme": "Swasta / Private Investment",
        "pjpk": "Kementerian Perindustrian / Kementerian ESDM",
        "province": "Kalimantan Selatan",
        "regency": null,
        "geocode_method": "exact_kabupaten",
        "source_url": "https://kppip.go.id/proyek-strategis-nasional/s-pembangunan-kawasan-industri-prioritas-kawasan-ekonomi-khusus/",
        "source_name": "KPPIP",
        "scraped_at": "2026-09-14T20:59:13.909687",
        "created_at": "2026-09-14 21:01:23",
        "updated_at": "2026-09-14 21:01:23"
      }
    },
    {
      "type": "Feature",
      "geometry": {
        "type": "Point",
        "coordinates": [
          109.3425,
          -0.0263
        ]
      },
      "properties": {
        "project_id": "6536a771d527192d",
        "project_name": "Kawasan Industri Ketapang",
        "category": "Transport",
        "status": "Unknown",
        "budget_idr": null,
        "budget_raw": null,
        "contractor": "BUMN Konstruksi / Swasta",
        "funding_scheme": "Swasta / Private Investment",
        "pjpk": "Kementerian Perindustrian / Kementerian ESDM",
        "province": "Kalimantan Barat",
        "regency": null,
        "geocode_method": "exact_kabupaten",
        "source_url": "https://kppip.go.id/proyek-strategis-nasional/s-pembangunan-kawasan-industri-prioritas-kawasan-ekonomi-khusus/",
        "source_name": "KPPIP",
        "scraped_at": "2026-09-14T20:59:13.909687",
        "created_at": "2026-09-14 21:01:23",
        "updated_at": "2026-09-14 21:01:23"
      }
    },
    {
      "type": "Feature",
      "geometry": {
        "type": "Point",
        "coordinates": [
          122.5,
          -3.9667
        ]
      },
      "properties": {
        "project_id": "bd5a17499298682d",
        "project_name": "Kawasan Industri Konawe",
        "category": "Transport",
        "status": "Unknown",
        "budget_idr": null,
        "budget_raw": null,
        "contractor": "BUMN Konstruksi / Swasta",
        "funding_scheme": "Swasta / Private Investment",
        "pjpk": "Kementerian Perindustrian / Kementerian ESDM",
        "province": "Sulawesi Tenggara",
        "regency": null,
        "geocode_method": "exact_kabupaten",
        "source_url": "https://kppip.go.id/proyek-strategis-nasional/s-pembangunan-kawasan-industri-prioritas-kawasan-ekonomi-khusus/",
        "source_name": "KPPIP",
        "scraped_at": "2026-09-14T20:59:13.909687",
        "created_at": "2026-09-14 21:01:23",
        "updated_at": "2026-09-14 21:01:23"
      }
    },
    {
      "type": "Feature",
      "geometry": {
        "type": "Point",
        "coordinates": [
          99.5451,
          2.1154
        ]
      },
      "properties": {
        "project_id": "64fd6ba0aed97f88",
        "project_name": "Kawasan Industri Kuala Tanjung",
        "category": "Transport",
        "status": "Unknown",
        "budget_idr": null,
        "budget_raw": null,
        "contractor": "BUMN Konstruksi / Swasta",
        "funding_scheme": "Swasta / Private Investment",
        "pjpk": "Kementerian Perindustrian / Kementerian ESDM",
        "province": "Sumatera Utara",
        "regency": null,
        "geocode_method": "province_fallback",
        "source_url": "https://kppip.go.id/proyek-strategis-nasional/s-pembangunan-kawasan-industri-prioritas-kawasan-ekonomi-khusus/",
        "source_name": "KPPIP",
        "scraped_at": "2026-09-14T20:59:13.909687",
        "created_at": "2026-09-14 21:01:23",
        "updated_at": "2026-09-14 21:01:23"
      }
    },
    {
      "type": "Feature",
      "geometry": {
        "type": "Point",
        "coordinates": [
          109.3425,
          -0.0263
        ]
      },
      "properties": {
        "project_id": "9e22f7432fe45ff5",
        "project_name": "Kawasan Industri Landak",
        "category": "Transport",
        "status": "Unknown",
        "budget_idr": null,
        "budget_raw": null,
        "contractor": "BUMN Konstruksi / Swasta",
        "funding_scheme": "Swasta / Private Investment",
        "pjpk": "Kementerian Perindustrian / Kementerian ESDM",
        "province": "Kalimantan Barat",
        "regency": null,
        "geocode_method": "exact_kabupaten",
        "source_url": "https://kppip.go.id/proyek-strategis-nasional/s-pembangunan-kawasan-industri-prioritas-kawasan-ekonomi-khusus/",
        "source_name": "KPPIP",
        "scraped_at": "2026-09-14T20:59:13.909687",
        "created_at": "2026-09-14 21:01:23",
        "updated_at": "2026-09-14 21:01:23"
      }
    },
    {
      "type": "Feature",
      "geometry": {
        "type": "Point",
        "coordinates": [
          121.4,
          -1.4167
        ]
      },
      "properties": {
        "project_id": "35a39e382bded4b5",
        "project_name": "Kawasan Industri Morowali",
        "category": "Transport",
        "status": "Unknown",
        "budget_idr": null,
        "budget_raw": null,
        "contractor": "BUMN Konstruksi / Swasta",
        "funding_scheme": "Swasta / Private Investment",
        "pjpk": "Kementerian Perindustrian / Kementerian ESDM",
        "province": "Sulawesi Tengah",
        "regency": null,
        "geocode_method": "exact_kabupaten",
        "source_url": "https://kppip.go.id/proyek-strategis-nasional/s-pembangunan-kawasan-industri-prioritas-kawasan-ekonomi-khusus/",
        "source_name": "KPPIP",
        "scraped_at": "2026-09-14T20:59:13.909687",
        "created_at": "2026-09-14 21:01:23",
        "updated_at": "2026-09-14 21:01:23"
      }
    },
    {
      "type": "Feature",
      "geometry": {
        "type": "Point",
        "coordinates": [
          129.0,
          -3.0
        ]
      },
      "properties": {
        "project_id": "a9e2a408bfb50fea",
        "project_name": "Kawasan Industri Pulau Obi",
        "category": "Transport",
        "status": "Unknown",
        "budget_idr": null,
        "budget_raw": null,
        "contractor": "BUMN Konstruksi / Swasta",
        "funding_scheme": "Swasta / Private Investment",
        "pjpk": "Kementerian Perindustrian / Kementerian ESDM",
        "province": "Lintas Provinsi",
        "regency": null,
        "geocode_method": "exact_kabupaten",
        "source_url": "https://kppip.go.id/proyek-strategis-nasional/s-pembangunan-kawasan-industri-prioritas-kawasan-ekonomi-khusus/",
        "source_name": "KPPIP",
        "scraped_at": "2026-09-14T20:59:13.909687",
        "created_at": "2026-09-14 21:01:23",
        "updated_at": "2026-09-14 21:01:23"
      }
    },
    {
      "type": "Feature",
      "geometry": {
        "type": "Point",
        "coordinates": [
          119.4327,
          -5.1477
        ]
      },
      "properties": {
        "project_id": "bbdd980e02683ebb",
        "project_name": "Kawasan Industri Takalar",
        "category": "Transport",
        "status": "Unknown",
        "budget_idr": null,
        "budget_raw": null,
        "contractor": "BUMN Konstruksi / Swasta",
        "funding_scheme": "Swasta / Private Investment",
        "pjpk": "Kementerian Perindustrian / Kementerian ESDM",
        "province": "Sulawesi Selatan",
        "regency": null,
        "geocode_method": "exact_kabupaten",
        "source_url": "https://kppip.go.id/proyek-strategis-nasional/s-pembangunan-kawasan-industri-prioritas-kawasan-ekonomi-khusus/",
        "source_name": "KPPIP",
        "scraped_at": "2026-09-14T20:59:13.909687",
        "created_at": "2026-09-14 21:01:23",
        "updated_at": "2026-09-14 21:01:23"
      }
    },
    {
      "type": "Feature",
      "geometry": {
        "type": "Point",
        "coordinates": [
          116.0,
          3.0
        ]
      },
      "properties": {
        "project_id": "e882e995e2f7b503",
        "project_name": "Kawasan Industri Tanah Kuning",
        "category": "Transport",
        "status": "Unknown",
        "budget_idr": null,
        "budget_raw": null,
        "contractor": "BUMN Konstruksi / Swasta",
        "funding_scheme": "Swasta / Private Investment",
        "pjpk": "Kementerian Perindustrian / Kementerian ESDM",
        "province": "Kalimantan Utara",
        "regency": null,
        "geocode_method": "exact_kabupaten",
        "source_url": "https://kppip.go.id/proyek-strategis-nasional/s-pembangunan-kawasan-industri-prioritas-kawasan-ekonomi-khusus/",
        "source_name": "KPPIP",
        "scraped_at": "2026-09-14T20:59:13.909687",
        "created_at": "2026-09-14 21:01:23",
        "updated_at": "2026-09-14 21:01:23"
      }
    },
    {
      "type": "Feature",
      "geometry": {
        "type": "Point",
        "coordinates": [
          105.4068,
          -4.5586
        ]
      },
      "properties": {
        "project_id": "484dc81cad65cc6c",
        "project_name": "Kawasan Industri Tanggamus",
        "category": "Transport",
        "status": "Unknown",
        "budget_idr": null,
        "budget_raw": null,
        "contractor": "BUMN Konstruksi / Swasta",
        "funding_scheme": "Swasta / Private Investment",
        "pjpk": "Kementerian Perindustrian / Kementerian ESDM",
        "province": "Lampung",
        "regency": null,
        "geocode_method": "exact_kabupaten",
        "source_url": "https://kppip.go.id/proyek-strategis-nasional/s-pembangunan-kawasan-industri-prioritas-kawasan-ekonomi-khusus/",
        "source_name": "KPPIP",
        "scraped_at": "2026-09-14T20:59:13.909687",
        "created_at": "2026-09-14 21:01:23",
        "updated_at": "2026-09-14 21:01:23"
      }
    },
    {
      "type": "Feature",
      "geometry": {
        "type": "Point",
        "coordinates": [
          103.9144,
          -3.3194
        ]
      },
      "properties": {
        "project_id": "5a043e00ad4e003d",
        "project_name": "Kawasan Industri Tanjung Enim",
        "category": "Transport",
        "status": "Unknown",
        "budget_idr": null,
        "budget_raw": null,
        "contractor": "BUMN Konstruksi / Swasta",
        "funding_scheme": "Swasta / Private Investment",
        "pjpk": "Kementerian Perindustrian / Kementerian ESDM",
        "province": "Sumatera Selatan",
        "regency": null,
        "geocode_method": "province_fallback",
        "source_url": "https://kppip.go.id/proyek-strategis-nasional/s-pembangunan-kawasan-industri-prioritas-kawasan-ekonomi-khusus/",
        "source_name": "KPPIP",
        "scraped_at": "2026-09-14T20:59:13.909687",
        "created_at": "2026-09-14 21:01:23",
        "updated_at": "2026-09-14 21:01:23"
      }
    },
    {
      "type": "Feature",
      "geometry": {
        "type": "Point",
        "coordinates": [
          136.0,
          -4.0
        ]
      },
      "properties": {
        "project_id": "f4390b147fd9e34b",
        "project_name": "Kawasan Industri Teluk Bintuni",
        "category": "Transport",
        "status": "Unknown",
        "budget_idr": null,
        "budget_raw": null,
        "contractor": "BUMN Konstruksi / Swasta",
        "funding_scheme": "Swasta / Private Investment",
        "pjpk": "Kementerian Perindustrian / Kementerian ESDM",
        "province": "Lintas Provinsi",
        "regency": null,
        "geocode_method": "exact_kabupaten",
        "source_url": "https://kppip.go.id/proyek-strategis-nasional/s-pembangunan-kawasan-industri-prioritas-kawasan-ekonomi-khusus/",
        "source_name": "KPPIP",
        "scraped_at": "2026-09-14T20:59:13.909687",
        "created_at": "2026-09-14 21:01:23",
        "updated_at": "2026-09-14 21:01:23"
      }
    },
    {
      "type": "Feature",
      "geometry": {
        "type": "Point",
        "coordinates": [
          110.1403,
          -7.151
        ]
      },
      "properties": {
        "project_id": "4aaf434188b6d15c",
        "project_name": "Kawasan Industri Terpadu Batang",
        "category": "Transport",
        "status": "Unknown",
        "budget_idr": null,
        "budget_raw": null,
        "contractor": "BUMN Konstruksi / Swasta",
        "funding_scheme": "Swasta / Private Investment",
        "pjpk": "Kementerian Perindustrian / Kementerian ESDM",
        "province": "Jawa Tengah",
        "regency": null,
        "geocode_method": "province_fallback",
        "source_url": "https://kppip.go.id/proyek-strategis-nasional/s-pembangunan-kawasan-industri-prioritas-kawasan-ekonomi-khusus/",
        "source_name": "KPPIP",
        "scraped_at": "2026-09-14T20:59:13.909687",
        "created_at": "2026-09-14 21:01:23",
        "updated_at": "2026-09-14 21:01:23"
      }
    },
    {
      "type": "Feature",
      "geometry": {
        "type": "Point",
        "coordinates": [
          129.0,
          -3.0
        ]
      },
      "properties": {
        "project_id": "7f796dd4474e0fd0",
        "project_name": "Kawasan Industri Weda Bay",
        "category": "Transport",
        "status": "Unknown",
        "budget_idr": null,
        "budget_raw": null,
        "contractor": "BUMN Konstruksi / Swasta",
        "funding_scheme": "Swasta / Private Investment",
        "pjpk": "Kementerian Perindustrian / Kementerian ESDM",
        "province": "Lintas Provinsi",
        "regency": null,
        "geocode_method": "exact_kabupaten",
        "source_url": "https://kppip.go.id/proyek-strategis-nasional/s-pembangunan-kawasan-industri-prioritas-kawasan-ekonomi-khusus/",
        "source_name": "KPPIP",
        "scraped_at": "2026-09-14T20:59:13.909687",
        "created_at": "2026-09-14 21:01:23",
        "updated_at": "2026-09-14 21:01:23"
      }
    },
    {
      "type": "Feature",
      "geometry": {
        "type": "Point",
        "coordinates": [
          106.064,
          -6.4058
        ]
      },
      "properties": {
        "project_id": "50e29a47fd9c38a0",
        "project_name": "Kawasan Industri Wilmar Serang",
        "category": "Transport",
        "status": "Unknown",
        "budget_idr": null,
        "budget_raw": null,
        "contractor": "BUMN Konstruksi / Swasta",
        "funding_scheme": "Swasta / Private Investment",
        "pjpk": "Kementerian Perindustrian / Kementerian ESDM",
        "province": "Banten",
        "regency": null,
        "geocode_method": "province_fallback",
        "source_url": "https://kppip.go.id/proyek-strategis-nasional/s-pembangunan-kawasan-industri-prioritas-kawasan-ekonomi-khusus/",
        "source_name": "KPPIP",
        "scraped_at": "2026-09-14T20:59:13.909687",
        "created_at": "2026-09-14 21:01:23",
        "updated_at": "2026-09-14 21:01:23"
      }
    },
    {
      "type": "Feature",
      "geometry": {
        "type": "Point",
        "coordinates": [
          110.3695,
          -7.7956
        ]
      },
      "properties": {
        "project_id": "e21b81098d55f78d",
        "project_name": "Kereta Api Akses Bandara Baru Yogyakarta – Kulon Progo",
        "category": "Transport",
        "status": "Unknown",
        "budget_idr": null,
        "budget_raw": null,
        "contractor": "BUMN Konstruksi / Swasta",
        "funding_scheme": "APBN & Pinjaman Luar Negeri / SBSN",
        "pjpk": "Kementerian Perhubungan (Ditjen Perkeretaapian)",
        "province": "DI Yogyakarta",
        "regency": null,
        "geocode_method": "exact_kabupaten",
        "source_url": "https://kppip.go.id/proyek-strategis-nasional/kereta/",
        "source_name": "KPPIP",
        "scraped_at": "2026-09-14T20:59:13.909687",
        "created_at": "2026-09-14 21:01:23",
        "updated_at": "2026-09-14 21:01:23"
      }
    },
    {
      "type": "Feature",
      "geometry": {
        "type": "Point",
        "coordinates": [
          106.8456,
          -6.2088
        ]
      },
      "properties": {
        "project_id": "1203d21945b0dbb6",
        "project_name": "Kereta Api Jakarta – Surabaya",
        "category": "Transport",
        "status": "Unknown",
        "budget_idr": null,
        "budget_raw": null,
        "contractor": "BUMN Konstruksi / Swasta",
        "funding_scheme": "APBN & Pinjaman Luar Negeri / SBSN",
        "pjpk": "Kementerian Perhubungan (Ditjen Perkeretaapian)",
        "province": "Lintas Provinsi",
        "regency": null,
        "geocode_method": "hardcoded",
        "source_url": "https://kppip.go.id/proyek-strategis-nasional/kereta/",
        "source_name": "KPPIP",
        "scraped_at": "2026-09-14T20:59:13.909687",
        "created_at": "2026-09-14 21:01:23",
        "updated_at": "2026-09-14 21:01:23"
      }
    },
    {
      "type": "Feature",
      "geometry": {
        "type": "Point",
        "coordinates": [
          105.4068,
          -4.5586
        ]
      },
      "properties": {
        "project_id": "f6d8de8cafda7e5d",
        "project_name": "Kereta Api Logistik Lahat – Muara Enim – Prabumulih Tarahan/Lampung dan Prabumulih – Kertapati/Palembang",
        "category": "Transport",
        "status": "Unknown",
        "budget_idr": null,
        "budget_raw": null,
        "contractor": "BUMN Konstruksi / Swasta",
        "funding_scheme": "APBN & Pinjaman Luar Negeri / SBSN",
        "pjpk": "Kementerian Perhubungan (Ditjen Perkeretaapian)",
        "province": "Lintas Provinsi",
        "regency": null,
        "geocode_method": "exact_kabupaten",
        "source_url": "https://kppip.go.id/proyek-strategis-nasional/kereta/",
        "source_name": "KPPIP",
        "scraped_at": "2026-09-14T20:59:13.909687",
        "created_at": "2026-09-14 21:01:23",
        "updated_at": "2026-09-14 21:01:23"
      }
    },
    {
      "type": "Feature",
      "geometry": {
        "type": "Point",
        "coordinates": [
          119.4327,
          -5.1477
        ]
      },
      "properties": {
        "project_id": "6a6c1aa0560bed7f",
        "project_name": "Kereta Api Makassar – Parepare (Tahap I dari pengembangan jalur Lintas Barat Sulawesi Bag. Selatan)",
        "category": "Transport",
        "status": "Unknown",
        "budget_idr": null,
        "budget_raw": null,
        "contractor": "BUMN Konstruksi / Swasta",
        "funding_scheme": "APBN & Pinjaman Luar Negeri / SBSN",
        "pjpk": "Kementerian Perhubungan (Ditjen Perkeretaapian)",
        "province": "Sulawesi Selatan",
        "regency": null,
        "geocode_method": "exact_kabupaten",
        "source_url": "https://kppip.go.id/proyek-strategis-nasional/kereta/",
        "source_name": "KPPIP",
        "scraped_at": "2026-09-14T20:59:13.909687",
        "created_at": "2026-09-14 21:01:23",
        "updated_at": "2026-09-14 21:01:23"
      }
    },
    {
      "type": "Feature",
      "geometry": {
        "type": "Point",
        "coordinates": [
          113.9167,
          -2.2167
        ]
      },
      "properties": {
        "project_id": "d3bf2dbf72ec2ca1",
        "project_name": "Kereta Api Purukcahu – Batanjung melalui Bangkuang",
        "category": "Transport",
        "status": "Unknown",
        "budget_idr": null,
        "budget_raw": null,
        "contractor": "BUMN Konstruksi / Swasta",
        "funding_scheme": "APBN & Pinjaman Luar Negeri / SBSN",
        "pjpk": "Kementerian Perhubungan (Ditjen Perkeretaapian)",
        "province": "Kalimantan Tengah",
        "regency": null,
        "geocode_method": "exact_kabupaten",
        "source_url": "https://kppip.go.id/proyek-strategis-nasional/kereta/",
        "source_name": "KPPIP",
        "scraped_at": "2026-09-14T20:59:13.909687",
        "created_at": "2026-09-14 21:01:23",
        "updated_at": "2026-09-14 21:01:23"
      }
    },
    {
      "type": "Feature",
      "geometry": {
        "type": "Point",
        "coordinates": [
          101.7068,
          0.2933
        ]
      },
      "properties": {
        "project_id": "d8d25d7653cd5f84",
        "project_name": "Kereta Api Rantau Prapat – Duri – Pekanbaru",
        "category": "Transport",
        "status": "Unknown",
        "budget_idr": null,
        "budget_raw": null,
        "contractor": "BUMN Konstruksi / Swasta",
        "funding_scheme": "APBN & Pinjaman Luar Negeri / SBSN",
        "pjpk": "Kementerian Perhubungan (Ditjen Perkeretaapian)",
        "province": "Lintas Provinsi",
        "regency": null,
        "geocode_method": "exact_kabupaten",
        "source_url": "https://kppip.go.id/proyek-strategis-nasional/kereta/",
        "source_name": "KPPIP",
        "scraped_at": "2026-09-14T20:59:13.909687",
        "created_at": "2026-09-14 21:01:23",
        "updated_at": "2026-09-14 21:01:23"
      }
    },
    {
      "type": "Feature",
      "geometry": {
        "type": "Point",
        "coordinates": [
          99.5451,
          2.1154
        ]
      },
      "properties": {
        "project_id": "3b6964f7b2fb17a2",
        "project_name": "Kereta Api Tebing Tinggi – Kuala Tanjung (Mendukung KEK Sei Mangkei, bagian dari Jaringan Kereta Api Trans Sumatera)",
        "category": "Transport",
        "status": "Unknown",
        "budget_idr": null,
        "budget_raw": null,
        "contractor": "BUMN Konstruksi / Swasta",
        "funding_scheme": "Penugasan BUMN (Hutama Karya)",
        "pjpk": "Kementerian Perhubungan (Ditjen Perkeretaapian)",
        "province": "Sumatera Utara",
        "regency": null,
        "geocode_method": "province_fallback",
        "source_url": "https://kppip.go.id/proyek-strategis-nasional/kereta/",
        "source_name": "KPPIP",
        "scraped_at": "2026-09-14T20:59:13.909687",
        "created_at": "2026-09-14 21:01:23",
        "updated_at": "2026-09-14 21:01:23"
      }
    },
    {
      "type": "Feature",
      "geometry": {
        "type": "Point",
        "coordinates": [
          109.3425,
          -0.0263
        ]
      },
      "properties": {
        "project_id": "c75a0210aad3699e",
        "project_name": "Ketapang",
        "category": "Energy",
        "status": "Unknown",
        "budget_idr": null,
        "budget_raw": null,
        "contractor": "BUMN Konstruksi / Swasta",
        "funding_scheme": "IPP Swasta / PT PLN (Persero)",
        "pjpk": "Kementerian ESDM / PT PLN (Persero)",
        "province": "Kalimantan Barat",
        "regency": null,
        "geocode_method": "exact_kabupaten",
        "source_url": "https://kppip.go.id/proyek-strategis-nasional/u-proyek-pembangunan-smelter/",
        "source_name": "KPPIP",
        "scraped_at": "2026-09-14T20:59:13.909687",
        "created_at": "2026-09-14 21:01:23",
        "updated_at": "2026-09-14 21:01:23"
      }
    },
    {
      "type": "Feature",
      "geometry": {
        "type": "Point",
        "coordinates": [
          117.1536,
          -0.5022
        ]
      },
      "properties": {
        "project_id": "37c15f5a0ce13df0",
        "project_name": "Kilang Minyak Bontang",
        "category": "Energy",
        "status": "Unknown",
        "budget_idr": null,
        "budget_raw": null,
        "contractor": "BUMN Konstruksi / Swasta",
        "funding_scheme": "Penugasan BUMN / Swasta (KKS)",
        "pjpk": "Kementerian ESDM / PT Pertamina (Persero)",
        "province": "Kalimantan Timur",
        "regency": null,
        "geocode_method": "exact_kabupaten",
        "source_url": "https://kppip.go.id/proyek-strategis-nasional/energi/",
        "source_name": "KPPIP",
        "scraped_at": "2026-09-14T20:59:13.909687",
        "created_at": "2026-09-14 21:01:23",
        "updated_at": "2026-09-14 21:01:23"
      }
    },
    {
      "type": "Feature",
      "geometry": {
        "type": "Point",
        "coordinates": [
          112.2384,
          -7.5361
        ]
      },
      "properties": {
        "project_id": "6c0c80b408c7e5b4",
        "project_name": "Kilang Minyak Tuban (ekspansi)",
        "category": "Energy",
        "status": "Unknown",
        "budget_idr": null,
        "budget_raw": null,
        "contractor": "BUMN Konstruksi / Swasta",
        "funding_scheme": "Penugasan BUMN / Swasta (KKS)",
        "pjpk": "Kementerian ESDM / PT Pertamina (Persero)",
        "province": "Jawa Timur",
        "regency": null,
        "geocode_method": "province_fallback",
        "source_url": "https://kppip.go.id/proyek-strategis-nasional/energi/",
        "source_name": "KPPIP",
        "scraped_at": "2026-09-14T20:59:13.909687",
        "created_at": "2026-09-14 21:01:23",
        "updated_at": "2026-09-14 21:01:23"
      }
    },
    {
      "type": "Feature",
      "geometry": {
        "type": "Point",
        "coordinates": [
          122.5,
          -3.9667
        ]
      },
      "properties": {
        "project_id": "eef91c55fca4b671",
        "project_name": "Konawe",
        "category": "Energy",
        "status": "Unknown",
        "budget_idr": null,
        "budget_raw": null,
        "contractor": "BUMN Konstruksi / Swasta",
        "funding_scheme": "IPP Swasta / PT PLN (Persero)",
        "pjpk": "Kementerian ESDM / PT PLN (Persero)",
        "province": "Sulawesi Tenggara",
        "regency": null,
        "geocode_method": "exact_kabupaten",
        "source_url": "https://kppip.go.id/proyek-strategis-nasional/u-proyek-pembangunan-smelter/",
        "source_name": "KPPIP",
        "scraped_at": "2026-09-14T20:59:13.909687",
        "created_at": "2026-09-14 21:01:23",
        "updated_at": "2026-09-14 21:01:23"
      }
    },
    {
      "type": "Feature",
      "geometry": {
        "type": "Point",
        "coordinates": [
          118.0149,
          -2.5489
        ]
      },
      "properties": {
        "project_id": "5357ff911d8c29df",
        "project_name": "Konstruksi Tangki Penyimpanan BBM",
        "category": "Energy",
        "status": "Construction",
        "budget_idr": null,
        "budget_raw": null,
        "contractor": "BUMN Konstruksi / Swasta",
        "funding_scheme": "IPP Swasta / PT PLN (Persero)",
        "pjpk": "Kementerian ESDM / PT PLN (Persero)",
        "province": "Lintas Provinsi",
        "regency": null,
        "geocode_method": "hardcoded",
        "source_url": "https://kppip.go.id/proyek-strategis-nasional/energi/",
        "source_name": "KPPIP",
        "scraped_at": "2026-09-14T20:59:13.909687",
        "created_at": "2026-09-14 21:01:23",
        "updated_at": "2026-09-14 21:01:23"
      }
    },
    {
      "type": "Feature",
      "geometry": {
        "type": "Point",
        "coordinates": [
          118.0149,
          -2.5489
        ]
      },
      "properties": {
        "project_id": "ab60b8bb44edd9d2",
        "project_name": "Konstruksi Tangki Penyimpanan LPG",
        "category": "Energy",
        "status": "Construction",
        "budget_idr": null,
        "budget_raw": null,
        "contractor": "BUMN Konstruksi / Swasta",
        "funding_scheme": "IPP Swasta / PT PLN (Persero)",
        "pjpk": "Kementerian ESDM / PT PLN (Persero)",
        "province": "Lintas Provinsi",
        "regency": null,
        "geocode_method": "hardcoded",
        "source_url": "https://kppip.go.id/proyek-strategis-nasional/energi/",
        "source_name": "KPPIP",
        "scraped_at": "2026-09-14T20:59:13.909687",
        "created_at": "2026-09-14 21:01:23",
        "updated_at": "2026-09-14 21:01:23"
      }
    },
    {
      "type": "Feature",
      "geometry": {
        "type": "Point",
        "coordinates": [
          99.5451,
          2.1154
        ]
      },
      "properties": {
        "project_id": "95eeb3ca2b278d6b",
        "project_name": "Kuala Tanjung",
        "category": "Energy",
        "status": "Unknown",
        "budget_idr": null,
        "budget_raw": null,
        "contractor": "BUMN Konstruksi / Swasta",
        "funding_scheme": "IPP Swasta / PT PLN (Persero)",
        "pjpk": "Kementerian ESDM / PT PLN (Persero)",
        "province": "Sumatera Utara",
        "regency": null,
        "geocode_method": "province_fallback",
        "source_url": "https://kppip.go.id/proyek-strategis-nasional/u-proyek-pembangunan-smelter/",
        "source_name": "KPPIP",
        "scraped_at": "2026-09-14T20:59:13.909687",
        "created_at": "2026-09-14 21:01:23",
        "updated_at": "2026-09-14 21:01:23"
      }
    },
    {
      "type": "Feature",
      "geometry": {
        "type": "Point",
        "coordinates": [
          106.8456,
          -6.2088
        ]
      },
      "properties": {
        "project_id": "cba3d8f47a5e360e",
        "project_name": "Light Rail Transit (LRT) Jakarta International Stadium – Kelapa Gading dan Velodrome – Manggarai",
        "category": "Transport",
        "status": "Unknown",
        "budget_idr": null,
        "budget_raw": null,
        "contractor": "BUMN Konstruksi / Swasta",
        "funding_scheme": "APBN & Pinjaman Luar Negeri / SBSN",
        "pjpk": "Kementerian Perhubungan (Ditjen Perkeretaapian)",
        "province": "DKI Jakarta",
        "regency": null,
        "geocode_method": "hardcoded",
        "source_url": "https://kppip.go.id/proyek-strategis-nasional/kereta/",
        "source_name": "KPPIP",
        "scraped_at": "2026-09-14T20:59:13.909687",
        "created_at": "2026-09-14 21:01:23",
        "updated_at": "2026-09-14 21:01:23"
      }
    },
    {
      "type": "Feature",
      "geometry": {
        "type": "Point",
        "coordinates": [
          103.9144,
          -3.3194
        ]
      },
      "properties": {
        "project_id": "8c986575648d20f7",
        "project_name": "Light Rail Transit (LRT) Sumatera Selatan (Metro Palembang)",
        "category": "Transport",
        "status": "Unknown",
        "budget_idr": null,
        "budget_raw": null,
        "contractor": "BUMN Konstruksi / Swasta",
        "funding_scheme": "APBN & Pinjaman Luar Negeri / SBSN",
        "pjpk": "Kementerian Perhubungan (Ditjen Perkeretaapian)",
        "province": "Sumatera Selatan",
        "regency": null,
        "geocode_method": "province_fallback",
        "source_url": "https://kppip.go.id/proyek-strategis-nasional/kereta/",
        "source_name": "KPPIP",
        "scraped_at": "2026-09-14T20:59:13.909687",
        "created_at": "2026-09-14 21:01:23",
        "updated_at": "2026-09-14 21:01:23"
      }
    },
    {
      "type": "Feature",
      "geometry": {
        "type": "Point",
        "coordinates": [
          119.4327,
          -5.1477
        ]
      },
      "properties": {
        "project_id": "adc13d2474113b57",
        "project_name": "Makassar New Port",
        "category": "Transport",
        "status": "Unknown",
        "budget_idr": null,
        "budget_raw": null,
        "contractor": "BUMN Konstruksi / Swasta",
        "funding_scheme": "APBN / KPBU",
        "pjpk": "Kementerian Perhubungan (Ditjen Hubla) / PT Pelindo",
        "province": "Sulawesi Selatan",
        "regency": null,
        "geocode_method": "exact_kabupaten",
        "source_url": "https://kppip.go.id/proyek-strategis-nasional/pelabuhan/",
        "source_name": "KPPIP",
        "scraped_at": "2026-09-14T20:59:13.909687",
        "created_at": "2026-09-14 21:01:23",
        "updated_at": "2026-09-14 21:01:23"
      }
    },
    {
      "type": "Feature",
      "geometry": {
        "type": "Point",
        "coordinates": [
          106.8456,
          -6.2088
        ]
      },
      "properties": {
        "project_id": "121095539a711eae",
        "project_name": "Mass Rapid Transit (MRT) Jakarta Koridor North – South",
        "category": "Transport",
        "status": "Unknown",
        "budget_idr": null,
        "budget_raw": null,
        "contractor": "BUMN Konstruksi / Swasta",
        "funding_scheme": "APBN & Pinjaman Luar Negeri / SBSN",
        "pjpk": "Kementerian Perhubungan (Ditjen Perkeretaapian)",
        "province": "DKI Jakarta",
        "regency": null,
        "geocode_method": "hardcoded",
        "source_url": "https://kppip.go.id/proyek-strategis-nasional/kereta/",
        "source_name": "KPPIP",
        "scraped_at": "2026-09-14T20:59:13.909687",
        "created_at": "2026-09-14 21:01:23",
        "updated_at": "2026-09-14 21:01:23"
      }
    },
    {
      "type": "Feature",
      "geometry": {
        "type": "Point",
        "coordinates": [
          121.4,
          -1.4167
        ]
      },
      "properties": {
        "project_id": "2133e5c79486d077",
        "project_name": "Morowali",
        "category": "Energy",
        "status": "Unknown",
        "budget_idr": null,
        "budget_raw": null,
        "contractor": "BUMN Konstruksi / Swasta",
        "funding_scheme": "IPP Swasta / PT PLN (Persero)",
        "pjpk": "Kementerian ESDM / PT PLN (Persero)",
        "province": "Sulawesi Tengah",
        "regency": null,
        "geocode_method": "exact_kabupaten",
        "source_url": "https://kppip.go.id/proyek-strategis-nasional/u-proyek-pembangunan-smelter/",
        "source_name": "KPPIP",
        "scraped_at": "2026-09-14T20:59:13.909687",
        "created_at": "2026-09-14 21:01:23",
        "updated_at": "2026-09-14 21:01:23"
      }
    },
    {
      "type": "Feature",
      "geometry": {
        "type": "Point",
        "coordinates": [
          112.2384,
          -7.5361
        ]
      },
      "properties": {
        "project_id": "438cfbad6a306e5e",
        "project_name": "PLTA Karangkates IV & V (2x50MW)",
        "category": "Energy",
        "status": "Unknown",
        "budget_idr": null,
        "budget_raw": null,
        "contractor": "BUMN Konstruksi / Swasta",
        "funding_scheme": "IPP Swasta / PT PLN (Persero)",
        "pjpk": "Kementerian ESDM / PT PLN (Persero)",
        "province": "Jawa Timur",
        "regency": null,
        "geocode_method": "province_fallback",
        "source_url": "https://kppip.go.id/proyek-strategis-nasional/x-program-pembangunan-infrastruktur-ketenagalistrikan/",
        "source_name": "KPPIP",
        "scraped_at": "2026-09-14T20:59:13.909687",
        "created_at": "2026-09-14 21:01:23",
        "updated_at": "2026-09-14 21:01:23"
      }
    },
    {
      "type": "Feature",
      "geometry": {
        "type": "Point",
        "coordinates": [
          112.2384,
          -7.5361
        ]
      },
      "properties": {
        "project_id": "2a84a2aae22cd2fb",
        "project_name": "PLTA Kesamben (37MW)",
        "category": "Energy",
        "status": "Unknown",
        "budget_idr": null,
        "budget_raw": null,
        "contractor": "BUMN Konstruksi / Swasta",
        "funding_scheme": "IPP Swasta / PT PLN (Persero)",
        "pjpk": "Kementerian ESDM / PT PLN (Persero)",
        "province": "Jawa Timur",
        "regency": null,
        "geocode_method": "province_fallback",
        "source_url": "https://kppip.go.id/proyek-strategis-nasional/x-program-pembangunan-infrastruktur-ketenagalistrikan/",
        "source_name": "KPPIP",
        "scraped_at": "2026-09-14T20:59:13.909687",
        "created_at": "2026-09-14 21:01:23",
        "updated_at": "2026-09-14 21:01:23"
      }
    },
    {
      "type": "Feature",
      "geometry": {
        "type": "Point",
        "coordinates": [
          112.2384,
          -7.5361
        ]
      },
      "properties": {
        "project_id": "27e38a662c6c1d62",
        "project_name": "PLTA Lodoyo (50MW)",
        "category": "Energy",
        "status": "Unknown",
        "budget_idr": null,
        "budget_raw": null,
        "contractor": "BUMN Konstruksi / Swasta",
        "funding_scheme": "IPP Swasta / PT PLN (Persero)",
        "pjpk": "Kementerian ESDM / PT PLN (Persero)",
        "province": "Jawa Timur",
        "regency": null,
        "geocode_method": "province_fallback",
        "source_url": "https://kppip.go.id/proyek-strategis-nasional/x-program-pembangunan-infrastruktur-ketenagalistrikan/",
        "source_name": "KPPIP",
        "scraped_at": "2026-09-14T20:59:13.909687",
        "created_at": "2026-09-14 21:01:23",
        "updated_at": "2026-09-14 21:01:23"
      }
    },
    {
      "type": "Feature",
      "geometry": {
        "type": "Point",
        "coordinates": [
          110.1403,
          -7.151
        ]
      },
      "properties": {
        "project_id": "8de5a576a2d8a730",
        "project_name": "PLTU Batang",
        "category": "Energy",
        "status": "Unknown",
        "budget_idr": null,
        "budget_raw": null,
        "contractor": "BUMN Konstruksi / Swasta",
        "funding_scheme": "IPP Swasta / PT PLN (Persero)",
        "pjpk": "Kementerian ESDM / PT PLN (Persero)",
        "province": "Jawa Tengah",
        "regency": null,
        "geocode_method": "province_fallback",
        "source_url": "https://kppip.go.id/proyek-strategis-nasional/x-program-pembangunan-infrastruktur-ketenagalistrikan/",
        "source_name": "KPPIP",
        "scraped_at": "2026-09-14T20:59:13.909687",
        "created_at": "2026-09-14 21:01:23",
        "updated_at": "2026-09-14 21:01:23"
      }
    },
    {
      "type": "Feature",
      "geometry": {
        "type": "Point",
        "coordinates": [
          107.6191,
          -6.9175
        ]
      },
      "properties": {
        "project_id": "d14a3f868ce195c1",
        "project_name": "PLTU Indramayu",
        "category": "Energy",
        "status": "Unknown",
        "budget_idr": null,
        "budget_raw": null,
        "contractor": "BUMN Konstruksi / Swasta",
        "funding_scheme": "IPP Swasta / PT PLN (Persero)",
        "pjpk": "Kementerian ESDM / PT PLN (Persero)",
        "province": "Jawa Barat",
        "regency": null,
        "geocode_method": "province_fallback",
        "source_url": "https://kppip.go.id/proyek-strategis-nasional/x-program-pembangunan-infrastruktur-ketenagalistrikan/",
        "source_name": "KPPIP",
        "scraped_at": "2026-09-14T20:59:13.909687",
        "created_at": "2026-09-14 21:01:23",
        "updated_at": "2026-09-14 21:01:23"
      }
    },
    {
      "type": "Feature",
      "geometry": {
        "type": "Point",
        "coordinates": [
          103.9144,
          -3.3194
        ]
      },
      "properties": {
        "project_id": "98cd2ae37241a1db",
        "project_name": "PLTU Mulut Tambang",
        "category": "Energy",
        "status": "Unknown",
        "budget_idr": null,
        "budget_raw": null,
        "contractor": "BUMN Konstruksi / Swasta",
        "funding_scheme": "IPP Swasta / PT PLN (Persero)",
        "pjpk": "Kementerian ESDM / PT PLN (Persero)",
        "province": "Sumatera Selatan",
        "regency": null,
        "geocode_method": "province_fallback",
        "source_url": "https://kppip.go.id/proyek-strategis-nasional/x-program-pembangunan-infrastruktur-ketenagalistrikan/",
        "source_name": "KPPIP",
        "scraped_at": "2026-09-14T20:59:13.909687",
        "created_at": "2026-09-14 21:01:23",
        "updated_at": "2026-09-14 21:01:23"
      }
    },
    {
      "type": "Feature",
      "geometry": {
        "type": "Point",
        "coordinates": [
          117.1536,
          -0.5022
        ]
      },
      "properties": {
        "project_id": "a559e0920960e4c7",
        "project_name": "Pelabuhan KEK Maloy",
        "category": "Transport",
        "status": "Unknown",
        "budget_idr": null,
        "budget_raw": null,
        "contractor": "BUMN Konstruksi / Swasta",
        "funding_scheme": "KPBU / Penugasan BUMN",
        "pjpk": "Kementerian Perhubungan (Ditjen Hubla) / PT Pelindo",
        "province": "Kalimantan Timur",
        "regency": null,
        "geocode_method": "exact_kabupaten",
        "source_url": "https://kppip.go.id/proyek-strategis-nasional/pelabuhan/",
        "source_name": "KPPIP",
        "scraped_at": "2026-09-14T20:59:13.909687",
        "created_at": "2026-09-14 21:01:23",
        "updated_at": "2026-09-14 21:01:23"
      }
    },
    {
      "type": "Feature",
      "geometry": {
        "type": "Point",
        "coordinates": [
          124.8421,
          1.4748
        ]
      },
      "properties": {
        "project_id": "e3782581a2ee0316",
        "project_name": "Pelabuhan Likupang",
        "category": "Transport",
        "status": "Unknown",
        "budget_idr": null,
        "budget_raw": null,
        "contractor": "BUMN Konstruksi / Swasta",
        "funding_scheme": "KPBU / Penugasan BUMN",
        "pjpk": "Kementerian Perhubungan (Ditjen Hubla) / PT Pelindo",
        "province": "Sulawesi Utara",
        "regency": null,
        "geocode_method": "exact_kabupaten",
        "source_url": "https://kppip.go.id/proyek-strategis-nasional/pelabuhan/",
        "source_name": "KPPIP",
        "scraped_at": "2026-09-14T20:59:13.909687",
        "created_at": "2026-09-14 21:01:23",
        "updated_at": "2026-09-14 21:01:23"
      }
    },
    {
      "type": "Feature",
      "geometry": {
        "type": "Point",
        "coordinates": [
          115.1889,
          -8.4095
        ]
      },
      "properties": {
        "project_id": "25d543e18f13d011",
        "project_name": "Pelabuhan Sanur – Nusa Ceningan/Lembongan",
        "category": "Transport",
        "status": "Unknown",
        "budget_idr": null,
        "budget_raw": null,
        "contractor": "BUMN Konstruksi / Swasta",
        "funding_scheme": "KPBU / Penugasan BUMN",
        "pjpk": "Kementerian Perhubungan (Ditjen Hubla) / PT Pelindo",
        "province": "Bali",
        "regency": null,
        "geocode_method": "province_fallback",
        "source_url": "https://kppip.go.id/proyek-strategis-nasional/pelabuhan/",
        "source_name": "KPPIP",
        "scraped_at": "2026-09-14T20:59:13.909687",
        "created_at": "2026-09-14 21:01:23",
        "updated_at": "2026-09-14 21:01:23"
      }
    },
    {
      "type": "Feature",
      "geometry": {
        "type": "Point",
        "coordinates": [
          110.1403,
          -7.151
        ]
      },
      "properties": {
        "project_id": "7d6ebcd657cf0788",
        "project_name": "Pembangunan Bahan Bakar Hijau (Green Diesel Bio Refinery Revamping RU IV Cilacap, RU III Plaju Green Refinery, Hidrogenasi CPO PT. Pusri Palembang, Katalis Merah Putih Pupuk Kujang Cikampek)",
        "category": "Energy",
        "status": "Construction",
        "budget_idr": null,
        "budget_raw": null,
        "contractor": "BUMN Konstruksi / Swasta",
        "funding_scheme": "Penugasan BUMN / Swasta (KKS)",
        "pjpk": "Kementerian ESDM / PT Pertamina (Persero)",
        "province": "Lintas Provinsi",
        "regency": null,
        "geocode_method": "province_fallback",
        "source_url": "https://kppip.go.id/proyek-strategis-nasional/energi/",
        "source_name": "KPPIP",
        "scraped_at": "2026-09-14T20:59:13.909687",
        "created_at": "2026-09-14 21:01:23",
        "updated_at": "2026-09-14 21:01:23"
      }
    },
    {
      "type": "Feature",
      "geometry": {
        "type": "Point",
        "coordinates": [
          115.1889,
          -8.4095
        ]
      },
      "properties": {
        "project_id": "df9c2fe4843b6680",
        "project_name": "Pembangunan Bandar Udara Bali Utara",
        "category": "Transport",
        "status": "Construction",
        "budget_idr": null,
        "budget_raw": null,
        "contractor": "BUMN Konstruksi / Swasta",
        "funding_scheme": "KPBU / Penugasan BUMN",
        "pjpk": "Kementerian Perhubungan (Ditjen Perhubungan Udara)",
        "province": "Bali",
        "regency": null,
        "geocode_method": "province_fallback",
        "source_url": "https://kppip.go.id/proyek-strategis-nasional/bandar-udara/",
        "source_name": "KPPIP",
        "scraped_at": "2026-09-14T20:59:13.909687",
        "created_at": "2026-09-14 21:01:23",
        "updated_at": "2026-09-14 21:01:23"
      }
    },
    {
      "type": "Feature",
      "geometry": {
        "type": "Point",
        "coordinates": [
          136.0,
          -4.0
        ]
      },
      "properties": {
        "project_id": "b619650fe5968483",
        "project_name": "Pembangunan Bandar Udara Nabire Baru",
        "category": "Transport",
        "status": "Construction",
        "budget_idr": null,
        "budget_raw": null,
        "contractor": "BUMN Konstruksi / Swasta",
        "funding_scheme": "KPBU / Penugasan BUMN",
        "pjpk": "Kementerian Perhubungan (Ditjen Perhubungan Udara)",
        "province": "Papua",
        "regency": null,
        "geocode_method": "exact_kabupaten",
        "source_url": "https://kppip.go.id/proyek-strategis-nasional/bandar-udara/",
        "source_name": "KPPIP",
        "scraped_at": "2026-09-14T20:59:13.909687",
        "created_at": "2026-09-14 21:01:23",
        "updated_at": "2026-09-14 21:01:23"
      }
    },
    {
      "type": "Feature",
      "geometry": {
        "type": "Point",
        "coordinates": [
          136.0,
          -4.0
        ]
      },
      "properties": {
        "project_id": "274a373409b27d0e",
        "project_name": "Pembangunan Bandar Udara Siboru Fak Fak",
        "category": "Transport",
        "status": "Construction",
        "budget_idr": null,
        "budget_raw": null,
        "contractor": "BUMN Konstruksi / Swasta",
        "funding_scheme": "KPBU / Penugasan BUMN",
        "pjpk": "Kementerian Perhubungan (Ditjen Perhubungan Udara)",
        "province": "Lintas Provinsi",
        "regency": null,
        "geocode_method": "exact_kabupaten",
        "source_url": "https://kppip.go.id/proyek-strategis-nasional/bandar-udara/",
        "source_name": "KPPIP",
        "scraped_at": "2026-09-14T20:59:13.909687",
        "created_at": "2026-09-14 21:01:23",
        "updated_at": "2026-09-14 21:01:23"
      }
    },
    {
      "type": "Feature",
      "geometry": {
        "type": "Point",
        "coordinates": [
          118.0149,
          -2.5489
        ]
      },
      "properties": {
        "project_id": "cdc39de945c3b9d5",
        "project_name": "Pembangunan Bantuan Rumah Swadaya",
        "category": "Housing",
        "status": "Construction",
        "budget_idr": null,
        "budget_raw": null,
        "contractor": "BUMN Konstruksi / Swasta",
        "funding_scheme": "APBN / Fasilitas Likuiditas (FLPP)",
        "pjpk": "Kementerian PUPR (Ditjen Perumahan)",
        "province": "Nasional",
        "regency": null,
        "geocode_method": "national_fallback",
        "source_url": "https://kppip.go.id/proyek-strategis-nasional/perumahan/",
        "source_name": "KPPIP",
        "scraped_at": "2026-09-14T20:59:13.909687",
        "created_at": "2026-09-14 21:01:23",
        "updated_at": "2026-09-14 21:01:23"
      }
    },
    {
      "type": "Feature",
      "geometry": {
        "type": "Point",
        "coordinates": [
          119.4327,
          -5.1477
        ]
      },
      "properties": {
        "project_id": "e073e24605371041",
        "project_name": "Pembangunan Bendung dan Jaringan Irigasi DI. Baliase",
        "category": "Water",
        "status": "Construction",
        "budget_idr": null,
        "budget_raw": null,
        "contractor": "BUMN Konstruksi / Swasta",
        "funding_scheme": "APBN (State Budget)",
        "pjpk": "Kementerian PUPR (Ditjen Sumber Daya Air)",
        "province": "Sulawesi Selatan",
        "regency": null,
        "geocode_method": "exact_kabupaten",
        "source_url": "https://kppip.go.id/proyek-strategis-nasional/bendungan-dan-irigasi/",
        "source_name": "KPPIP",
        "scraped_at": "2026-09-14T20:59:13.909687",
        "created_at": "2026-09-14 21:01:23",
        "updated_at": "2026-09-14 21:01:23"
      }
    },
    {
      "type": "Feature",
      "geometry": {
        "type": "Point",
        "coordinates": [
          121.4,
          -1.4167
        ]
      },
      "properties": {
        "project_id": "5efab9985702ca3d",
        "project_name": "Pembangunan Bendung dan Jaringan Irigasi DI. Gumbasa",
        "category": "Water",
        "status": "Construction",
        "budget_idr": null,
        "budget_raw": null,
        "contractor": "BUMN Konstruksi / Swasta",
        "funding_scheme": "APBN (State Budget)",
        "pjpk": "Kementerian PUPR (Ditjen Sumber Daya Air)",
        "province": "Sulawesi Tengah",
        "regency": null,
        "geocode_method": "exact_kabupaten",
        "source_url": "https://kppip.go.id/proyek-strategis-nasional/bendungan-dan-irigasi/",
        "source_name": "KPPIP",
        "scraped_at": "2026-09-14T20:59:13.909687",
        "created_at": "2026-09-14 21:01:23",
        "updated_at": "2026-09-14 21:01:23"
      }
    },
    {
      "type": "Feature",
      "geometry": {
        "type": "Point",
        "coordinates": [
          117.1536,
          -0.5022
        ]
      },
      "properties": {
        "project_id": "0ebcc76ee3378df8",
        "project_name": "Pembangunan Fasilitas Coal to Methanol di Kutai Timur",
        "category": "Energy",
        "status": "Construction",
        "budget_idr": null,
        "budget_raw": null,
        "contractor": "BUMN Konstruksi / Swasta",
        "funding_scheme": "IPP Swasta / PT PLN (Persero)",
        "pjpk": "Kementerian ESDM / PT PLN (Persero)",
        "province": "Kalimantan Timur",
        "regency": null,
        "geocode_method": "exact_kabupaten",
        "source_url": "https://kppip.go.id/proyek-strategis-nasional/energi/",
        "source_name": "KPPIP",
        "scraped_at": "2026-09-14T20:59:13.909687",
        "created_at": "2026-09-14 21:01:23",
        "updated_at": "2026-09-14 21:01:23"
      }
    },
    {
      "type": "Feature",
      "geometry": {
        "type": "Point",
        "coordinates": [
          112.2384,
          -7.5361
        ]
      },
      "properties": {
        "project_id": "13922f332e53d821",
        "project_name": "Pembangunan Fly Over Dari dan Menuju Terminal Teluk Lamong (2,4km)",
        "category": "Transport",
        "status": "Construction",
        "budget_idr": null,
        "budget_raw": null,
        "contractor": "BUMN Konstruksi / Swasta",
        "funding_scheme": "APBN / KPBU",
        "pjpk": "Kementerian / Lembaga Terkait",
        "province": "Jawa Timur",
        "regency": null,
        "geocode_method": "province_fallback",
        "source_url": "https://kppip.go.id/proyek-strategis-nasional/jalan-dan-jembatan/",
        "source_name": "KPPIP",
        "scraped_at": "2026-09-14T20:59:13.909687",
        "created_at": "2026-09-14 21:01:23",
        "updated_at": "2026-09-14 21:01:23"
      }
    },
    {
      "type": "Feature",
      "geometry": {
        "type": "Point",
        "coordinates": [
          117.1536,
          -0.5022
        ]
      },
      "properties": {
        "project_id": "72eb874c5bcac249",
        "project_name": "Pembangunan Jalan Tol Samarinda – Bontang",
        "category": "Transport",
        "status": "Construction",
        "budget_idr": null,
        "budget_raw": null,
        "contractor": "BUMN Konstruksi / Swasta",
        "funding_scheme": "KPBU / PPP (BUJT Concession)",
        "pjpk": "BPJT – Kementerian PUPR",
        "province": "Kalimantan Timur",
        "regency": null,
        "geocode_method": "exact_kabupaten",
        "source_url": "https://kppip.go.id/proyek-strategis-nasional/jalan-dan-jembatan/",
        "source_name": "KPPIP",
        "scraped_at": "2026-09-14T20:59:13.909687",
        "created_at": "2026-09-14 21:01:23",
        "updated_at": "2026-09-14 21:01:23"
      }
    },
    {
      "type": "Feature",
      "geometry": {
        "type": "Point",
        "coordinates": [
          118.0149,
          -2.5489
        ]
      },
      "properties": {
        "project_id": "a4169202adda2c6f",
        "project_name": "Pembangunan Jaringan Gas Kota",
        "category": "Energy",
        "status": "Construction",
        "budget_idr": null,
        "budget_raw": null,
        "contractor": "BUMN Konstruksi / Swasta",
        "funding_scheme": "IPP Swasta / PT PLN (Persero)",
        "pjpk": "Kementerian ESDM / PT Pertamina (Persero)",
        "province": "Nasional",
        "regency": null,
        "geocode_method": "national_fallback",
        "source_url": "https://kppip.go.id/proyek-strategis-nasional/energi/",
        "source_name": "KPPIP",
        "scraped_at": "2026-09-14T20:59:13.909687",
        "created_at": "2026-09-14 21:01:23",
        "updated_at": "2026-09-14 21:01:23"
      }
    },
    {
      "type": "Feature",
      "geometry": {
        "type": "Point",
        "coordinates": [
          95.3238,
          5.5483
        ]
      },
      "properties": {
        "project_id": "8f7314c53e598cda",
        "project_name": "Pembangunan Jaringan Irigasi DI. Jambo Aye Kanan",
        "category": "Water",
        "status": "Construction",
        "budget_idr": null,
        "budget_raw": null,
        "contractor": "BUMN Konstruksi / Swasta",
        "funding_scheme": "APBN (State Budget)",
        "pjpk": "Kementerian PUPR (Ditjen Sumber Daya Air)",
        "province": "Aceh",
        "regency": null,
        "geocode_method": "exact_kabupaten",
        "source_url": "https://kppip.go.id/proyek-strategis-nasional/bendungan-dan-irigasi/",
        "source_name": "KPPIP",
        "scraped_at": "2026-09-14T20:59:13.909687",
        "created_at": "2026-09-14 21:01:23",
        "updated_at": "2026-09-14 21:01:23"
      }
    },
    {
      "type": "Feature",
      "geometry": {
        "type": "Point",
        "coordinates": [
          103.9144,
          -3.3194
        ]
      },
      "properties": {
        "project_id": "2f71113e4638c802",
        "project_name": "Pembangunan Jaringan Irigasi DI. Lematang",
        "category": "Water",
        "status": "Construction",
        "budget_idr": null,
        "budget_raw": null,
        "contractor": "BUMN Konstruksi / Swasta",
        "funding_scheme": "APBN (State Budget)",
        "pjpk": "Kementerian PUPR (Ditjen Sumber Daya Air)",
        "province": "Sumatera Selatan",
        "regency": null,
        "geocode_method": "province_fallback",
        "source_url": "https://kppip.go.id/proyek-strategis-nasional/bendungan-dan-irigasi/",
        "source_name": "KPPIP",
        "scraped_at": "2026-09-14T20:59:13.909687",
        "created_at": "2026-09-14 21:01:23",
        "updated_at": "2026-09-14 21:01:23"
      }
    },
    {
      "type": "Feature",
      "geometry": {
        "type": "Point",
        "coordinates": [
          103.9144,
          -3.3194
        ]
      },
      "properties": {
        "project_id": "2d8005682438a2a8",
        "project_name": "Pembangunan Jaringan Irigasi DI. Lempuing",
        "category": "Water",
        "status": "Construction",
        "budget_idr": null,
        "budget_raw": null,
        "contractor": "BUMN Konstruksi / Swasta",
        "funding_scheme": "APBN (State Budget)",
        "pjpk": "Kementerian PUPR (Ditjen Sumber Daya Air)",
        "province": "Sumatera Selatan",
        "regency": null,
        "geocode_method": "province_fallback",
        "source_url": "https://kppip.go.id/proyek-strategis-nasional/bendungan-dan-irigasi/",
        "source_name": "KPPIP",
        "scraped_at": "2026-09-14T20:59:13.909687",
        "created_at": "2026-09-14 21:01:23",
        "updated_at": "2026-09-14 21:01:23"
      }
    },
    {
      "type": "Feature",
      "geometry": {
        "type": "Point",
        "coordinates": [
          96.18,
          4.35
        ]
      },
      "properties": {
        "project_id": "ec25b52d9e42b1cd",
        "project_name": "Pembangunan Jaringan Irigasi DI. Lhok Guci",
        "category": "Water",
        "status": "Construction",
        "budget_idr": null,
        "budget_raw": null,
        "contractor": "BUMN Konstruksi / Swasta",
        "funding_scheme": "APBN (State Budget)",
        "pjpk": "Kementerian PUPR (Ditjen Sumber Daya Air)",
        "province": "Aceh",
        "regency": "Aceh Barat",
        "geocode_method": "hardcoded",
        "source_url": "https://kppip.go.id/proyek-strategis-nasional/bendungan-dan-irigasi/",
        "source_name": "KPPIP",
        "scraped_at": "2026-09-14T20:59:13.909687",
        "created_at": "2026-09-14 21:01:23",
        "updated_at": "2026-09-14 21:01:23"
      }
    },
    {
      "type": "Feature",
      "geometry": {
        "type": "Point",
        "coordinates": [
          117.1536,
          -0.5022
        ]
      },
      "properties": {
        "project_id": "7df6e1de6c027ff8",
        "project_name": "Pembangunan Jaringan Irigasi DI. Rawa Telake",
        "category": "Water",
        "status": "Construction",
        "budget_idr": null,
        "budget_raw": null,
        "contractor": "BUMN Konstruksi / Swasta",
        "funding_scheme": "APBN (State Budget)",
        "pjpk": "Kementerian PUPR (Ditjen Sumber Daya Air)",
        "province": "Kalimantan Timur",
        "regency": null,
        "geocode_method": "exact_kabupaten",
        "source_url": "https://kppip.go.id/proyek-strategis-nasional/bendungan-dan-irigasi/",
        "source_name": "KPPIP",
        "scraped_at": "2026-09-14T20:59:13.909687",
        "created_at": "2026-09-14 21:01:23",
        "updated_at": "2026-09-14 21:01:23"
      }
    },
    {
      "type": "Feature",
      "geometry": {
        "type": "Point",
        "coordinates": [
          107.6191,
          -6.9175
        ]
      },
      "properties": {
        "project_id": "689bc7f0afe934d6",
        "project_name": "Pembangunan Kampus Universitas Islam Internasional Indonesia",
        "category": "Transport",
        "status": "Construction",
        "budget_idr": null,
        "budget_raw": null,
        "contractor": "BUMN Konstruksi / Swasta",
        "funding_scheme": "APBN / KPBU",
        "pjpk": "Kementerian / Lembaga Terkait",
        "province": "Jawa Barat",
        "regency": null,
        "geocode_method": "province_fallback",
        "source_url": "https://kppip.go.id/proyek-strategis-nasional/w-infrastruktur-pendidikan/",
        "source_name": "KPPIP",
        "scraped_at": "2026-09-14T20:59:13.909687",
        "created_at": "2026-09-14 21:01:23",
        "updated_at": "2026-09-14 21:01:23"
      }
    },
    {
      "type": "Feature",
      "geometry": {
        "type": "Point",
        "coordinates": [
          107.6191,
          -6.9175
        ]
      },
      "properties": {
        "project_id": "4c79505e64265e5a",
        "project_name": "Pembangunan Pelabuhan Patimban",
        "category": "Transport",
        "status": "Construction",
        "budget_idr": null,
        "budget_raw": null,
        "contractor": "BUMN Konstruksi / Swasta",
        "funding_scheme": "KPBU / Penugasan BUMN",
        "pjpk": "Kementerian Perhubungan (Ditjen Hubla) / PT Pelindo",
        "province": "Jawa Barat",
        "regency": null,
        "geocode_method": "province_fallback",
        "source_url": "https://kppip.go.id/proyek-strategis-nasional/pelabuhan/",
        "source_name": "KPPIP",
        "scraped_at": "2026-09-14T20:59:13.909687",
        "created_at": "2026-09-14 21:01:23",
        "updated_at": "2026-09-14 21:01:23"
      }
    },
    {
      "type": "Feature",
      "geometry": {
        "type": "Point",
        "coordinates": [
          101.7068,
          0.2933
        ]
      },
      "properties": {
        "project_id": "14345d60e0557ca8",
        "project_name": "Pembangunan Transmisi Pipa Gas (Ruas Cirebon – Semarang, Ruas KEK Sei Mangkei – Dumai, dan Ruas West Natuna Transportation System – Pemping)",
        "category": "Energy",
        "status": "Construction",
        "budget_idr": null,
        "budget_raw": null,
        "contractor": "BUMN Konstruksi / Swasta",
        "funding_scheme": "IPP Swasta / PT PLN (Persero)",
        "pjpk": "Kementerian Perhubungan (Ditjen Hubla) / PT Pelindo",
        "province": "Lintas Provinsi",
        "regency": null,
        "geocode_method": "exact_kabupaten",
        "source_url": "https://kppip.go.id/proyek-strategis-nasional/energi/",
        "source_name": "KPPIP",
        "scraped_at": "2026-09-14T20:59:13.909687",
        "created_at": "2026-09-14 21:01:23",
        "updated_at": "2026-09-14 21:01:23"
      }
    },
    {
      "type": "Feature",
      "geometry": {
        "type": "Point",
        "coordinates": [
          110.1403,
          -7.151
        ]
      },
      "properties": {
        "project_id": "27b901c4954f0be1",
        "project_name": "Pembangunan Underground Simpang Lima",
        "category": "Transport",
        "status": "Construction",
        "budget_idr": null,
        "budget_raw": null,
        "contractor": "BUMN Konstruksi / Swasta",
        "funding_scheme": "APBN / KPBU",
        "pjpk": "Kementerian / Lembaga Terkait",
        "province": "Jawa Tengah",
        "regency": null,
        "geocode_method": "province_fallback",
        "source_url": "https://kppip.go.id/proyek-strategis-nasional/s-pembangunan-kawasan-industri-prioritas-kawasan-ekonomi-khusus/",
        "source_name": "KPPIP",
        "scraped_at": "2026-09-14T20:59:13.909687",
        "created_at": "2026-09-14 21:01:23",
        "updated_at": "2026-09-14 21:01:23"
      }
    },
    {
      "type": "Feature",
      "geometry": {
        "type": "Point",
        "coordinates": [
          106.8456,
          -6.2088
        ]
      },
      "properties": {
        "project_id": "2fcda1f69fde8cc0",
        "project_name": "Pembangunan Rumah Susun",
        "category": "Housing",
        "status": "Construction",
        "budget_idr": null,
        "budget_raw": null,
        "contractor": "BUMN Konstruksi / Swasta",
        "funding_scheme": "APBN / Fasilitas Likuiditas (FLPP)",
        "pjpk": "Kementerian PUPR (Ditjen Perumahan)",
        "province": "DKI Jakarta",
        "regency": null,
        "geocode_method": "hardcoded",
        "source_url": "https://kppip.go.id/proyek-strategis-nasional/perumahan/",
        "source_name": "KPPIP",
        "scraped_at": "2026-09-14T20:59:13.909687",
        "created_at": "2026-09-14 21:01:23",
        "updated_at": "2026-09-14 21:01:23"
      }
    },
    {
      "type": "Feature",
      "geometry": {
        "type": "Point",
        "coordinates": [
          107.6191,
          -6.9175
        ]
      },
      "properties": {
        "project_id": "0e2668d78801dca1",
        "project_name": "Penambahan Lingkup Jalan Tol Bogor Ring Road",
        "category": "Transport",
        "status": "Unknown",
        "budget_idr": null,
        "budget_raw": null,
        "contractor": "BUMN Konstruksi / Swasta",
        "funding_scheme": "KPBU / PPP (BUJT Concession)",
        "pjpk": "BPJT – Kementerian PUPR",
        "province": "Jawa Barat",
        "regency": null,
        "geocode_method": "province_fallback",
        "source_url": "https://kppip.go.id/proyek-strategis-nasional/jalan-dan-jembatan/",
        "source_name": "KPPIP",
        "scraped_at": "2026-09-14T20:59:13.909687",
        "created_at": "2026-09-14 21:01:23",
        "updated_at": "2026-09-14 21:01:23"
      }
    },
    {
      "type": "Feature",
      "geometry": {
        "type": "Point",
        "coordinates": [
          107.6191,
          -6.9175
        ]
      },
      "properties": {
        "project_id": "4ff1edb0ce98bdd7",
        "project_name": "Penambahan Lingkup Jalan Tol Depok – Antasari (27,9km)",
        "category": "Transport",
        "status": "Unknown",
        "budget_idr": null,
        "budget_raw": null,
        "contractor": "BUMN Konstruksi / Swasta",
        "funding_scheme": "KPBU / PPP (BUJT Concession)",
        "pjpk": "BPJT – Kementerian PUPR",
        "province": "Jawa Barat",
        "regency": null,
        "geocode_method": "province_fallback",
        "source_url": "https://kppip.go.id/proyek-strategis-nasional/jalan-dan-jembatan/",
        "source_name": "KPPIP",
        "scraped_at": "2026-09-14T20:59:13.909687",
        "created_at": "2026-09-14 21:01:23",
        "updated_at": "2026-09-14 21:01:23"
      }
    },
    {
      "type": "Feature",
      "geometry": {
        "type": "Point",
        "coordinates": [
          112.2384,
          -7.5361
        ]
      },
      "properties": {
        "project_id": "9d6bfc9b0a20ca58",
        "project_name": "Penambahan Lingkup Jalan Tol Ngawi – Kertosono – Kediri (108km)",
        "category": "Transport",
        "status": "Unknown",
        "budget_idr": null,
        "budget_raw": null,
        "contractor": "BUMN Konstruksi / Swasta",
        "funding_scheme": "KPBU / PPP (BUJT Concession)",
        "pjpk": "BPJT – Kementerian PUPR",
        "province": "Jawa Timur",
        "regency": null,
        "geocode_method": "province_fallback",
        "source_url": "https://kppip.go.id/proyek-strategis-nasional/jalan-dan-jembatan/",
        "source_name": "KPPIP",
        "scraped_at": "2026-09-14T20:59:13.909687",
        "created_at": "2026-09-14 21:01:23",
        "updated_at": "2026-09-14 21:01:23"
      }
    },
    {
      "type": "Feature",
      "geometry": {
        "type": "Point",
        "coordinates": [
          110.3695,
          -7.7956
        ]
      },
      "properties": {
        "project_id": "f25d335a6f4b8fdc",
        "project_name": "Penambahan Lingkup Jalan Tol Solo – Yogyakarta – Kulon Progo",
        "category": "Transport",
        "status": "Unknown",
        "budget_idr": null,
        "budget_raw": null,
        "contractor": "BUMN Konstruksi / Swasta",
        "funding_scheme": "KPBU / PPP (BUJT Concession)",
        "pjpk": "BPJT – Kementerian PUPR",
        "province": "Lintas Provinsi",
        "regency": null,
        "geocode_method": "exact_kabupaten",
        "source_url": "https://kppip.go.id/proyek-strategis-nasional/jalan-dan-jembatan/",
        "source_name": "KPPIP",
        "scraped_at": "2026-09-14T20:59:13.909687",
        "created_at": "2026-09-14 21:01:23",
        "updated_at": "2026-09-14 21:01:23"
      }
    },
    {
      "type": "Feature",
      "geometry": {
        "type": "Point",
        "coordinates": [
          110.1403,
          -7.151
        ]
      },
      "properties": {
        "project_id": "cb2839a169fad30d",
        "project_name": "Pengembangan Bandar Udara Adi Soemarmo",
        "category": "Transport",
        "status": "Unknown",
        "budget_idr": null,
        "budget_raw": null,
        "contractor": "BUMN Konstruksi / Swasta",
        "funding_scheme": "KPBU / Penugasan BUMN",
        "pjpk": "Kementerian Perhubungan (Ditjen Perhubungan Udara)",
        "province": "Jawa Tengah",
        "regency": null,
        "geocode_method": "province_fallback",
        "source_url": "https://kppip.go.id/proyek-strategis-nasional/bandar-udara/",
        "source_name": "KPPIP",
        "scraped_at": "2026-09-14T20:59:13.909687",
        "created_at": "2026-09-14 21:01:23",
        "updated_at": "2026-09-14 21:01:23"
      }
    },
    {
      "type": "Feature",
      "geometry": {
        "type": "Point",
        "coordinates": [
          117.3616,
          -8.6529
        ]
      },
      "properties": {
        "project_id": "fb3f4da291780b0c",
        "project_name": "Pengembangan Bandar Udara Internasional Lombok Praya",
        "category": "Transport",
        "status": "Unknown",
        "budget_idr": null,
        "budget_raw": null,
        "contractor": "BUMN Konstruksi / Swasta",
        "funding_scheme": "KPBU / Penugasan BUMN",
        "pjpk": "Kementerian Perhubungan (Ditjen Perhubungan Udara)",
        "province": "Nusa Tenggara Barat",
        "regency": null,
        "geocode_method": "province_fallback",
        "source_url": "https://kppip.go.id/proyek-strategis-nasional/bandar-udara/",
        "source_name": "KPPIP",
        "scraped_at": "2026-09-14T20:59:13.909687",
        "created_at": "2026-09-14 21:01:23",
        "updated_at": "2026-09-14 21:01:23"
      }
    },
    {
      "type": "Feature",
      "geometry": {
        "type": "Point",
        "coordinates": [
          118.0149,
          -2.5489
        ]
      },
      "properties": {
        "project_id": "d3bcdfce4649e3c7",
        "project_name": "Pengembangan Drone Male Kombatan (Male Unmaned Combat Aerial Vehicle)",
        "category": "Transport",
        "status": "Unknown",
        "budget_idr": null,
        "budget_raw": null,
        "contractor": "BUMN Konstruksi / Swasta",
        "funding_scheme": "APBN / KPBU",
        "pjpk": "Kementerian / Lembaga Terkait",
        "province": "Nasional",
        "regency": null,
        "geocode_method": "national_fallback",
        "source_url": "https://kppip.go.id/proyek-strategis-nasional/teknologi/",
        "source_name": "KPPIP",
        "scraped_at": "2026-09-14T20:59:13.909687",
        "created_at": "2026-09-14 21:01:23",
        "updated_at": "2026-09-14 21:01:23"
      }
    },
    {
      "type": "Feature",
      "geometry": {
        "type": "Point",
        "coordinates": [
          129.0,
          -3.0
        ]
      },
      "properties": {
        "project_id": "b6279f1f3cb8af5b",
        "project_name": "Pengembangan Lapangan Abadi Wilayah Kerja Masela",
        "category": "Energy",
        "status": "Unknown",
        "budget_idr": null,
        "budget_raw": null,
        "contractor": "BUMN Konstruksi / Swasta",
        "funding_scheme": "IPP Swasta / PT PLN (Persero)",
        "pjpk": "Kementerian ESDM / PT PLN (Persero)",
        "province": "Maluku",
        "regency": null,
        "geocode_method": "exact_kabupaten",
        "source_url": "https://kppip.go.id/proyek-strategis-nasional/energi/",
        "source_name": "KPPIP",
        "scraped_at": "2026-09-14T20:59:13.909687",
        "created_at": "2026-09-14 21:01:23",
        "updated_at": "2026-09-14 21:01:23"
      }
    },
    {
      "type": "Feature",
      "geometry": {
        "type": "Point",
        "coordinates": [
          117.1536,
          -0.5022
        ]
      },
      "properties": {
        "project_id": "70d9c7266b832f1f",
        "project_name": "Pengembangan Lapangan Gendalo, Maha, Gandang, Gahem, dan Bangka (Indonesia Deepwater Development Project/IDD)",
        "category": "Energy",
        "status": "Unknown",
        "budget_idr": null,
        "budget_raw": null,
        "contractor": "BUMN Konstruksi / Swasta",
        "funding_scheme": "IPP Swasta / PT PLN (Persero)",
        "pjpk": "Kementerian ESDM / PT PLN (Persero)",
        "province": "Kalimantan Timur",
        "regency": null,
        "geocode_method": "exact_kabupaten",
        "source_url": "https://kppip.go.id/proyek-strategis-nasional/energi/",
        "source_name": "KPPIP",
        "scraped_at": "2026-09-14T20:59:13.909687",
        "created_at": "2026-09-14 21:01:23",
        "updated_at": "2026-09-14 21:01:23"
      }
    },
    {
      "type": "Feature",
      "geometry": {
        "type": "Point",
        "coordinates": [
          112.2384,
          -7.5361
        ]
      },
      "properties": {
        "project_id": "33de8a9157cbf182",
        "project_name": "Pengembangan Lapangan Unitisasi Gas Jambaran – Tiung Biru",
        "category": "Energy",
        "status": "Unknown",
        "budget_idr": null,
        "budget_raw": null,
        "contractor": "BUMN Konstruksi / Swasta",
        "funding_scheme": "IPP Swasta / PT PLN (Persero)",
        "pjpk": "Kementerian ESDM / PT Pertamina (Persero)",
        "province": "Jawa Timur",
        "regency": null,
        "geocode_method": "province_fallback",
        "source_url": "https://kppip.go.id/proyek-strategis-nasional/energi/",
        "source_name": "KPPIP",
        "scraped_at": "2026-09-14T20:59:13.909687",
        "created_at": "2026-09-14 21:01:23",
        "updated_at": "2026-09-14 21:01:23"
      }
    },
    {
      "type": "Feature",
      "geometry": {
        "type": "Point",
        "coordinates": [
          109.3425,
          -0.0263
        ]
      },
      "properties": {
        "project_id": "f7a4d1827dd870a5",
        "project_name": "Pengembangan Pelabuhan Kijing",
        "category": "Transport",
        "status": "Unknown",
        "budget_idr": null,
        "budget_raw": null,
        "contractor": "BUMN Konstruksi / Swasta",
        "funding_scheme": "KPBU / Penugasan BUMN",
        "pjpk": "Kementerian Perhubungan (Ditjen Hubla) / PT Pelindo",
        "province": "Kalimantan Barat",
        "regency": null,
        "geocode_method": "exact_kabupaten",
        "source_url": "https://kppip.go.id/proyek-strategis-nasional/pelabuhan/",
        "source_name": "KPPIP",
        "scraped_at": "2026-09-14T20:59:13.909687",
        "created_at": "2026-09-14 21:01:23",
        "updated_at": "2026-09-14 21:01:23"
      }
    },
    {
      "type": "Feature",
      "geometry": {
        "type": "Point",
        "coordinates": [
          121.0794,
          -8.6574
        ]
      },
      "properties": {
        "project_id": "b8d7c5bb7af1bd01",
        "project_name": "Pengembangan Pelabuhan Kupang",
        "category": "Transport",
        "status": "Unknown",
        "budget_idr": null,
        "budget_raw": null,
        "contractor": "BUMN Konstruksi / Swasta",
        "funding_scheme": "KPBU / Penugasan BUMN",
        "pjpk": "Kementerian Perhubungan (Ditjen Hubla) / PT Pelindo",
        "province": "Nusa Tenggara Timur",
        "regency": null,
        "geocode_method": "province_fallback",
        "source_url": "https://kppip.go.id/proyek-strategis-nasional/pelabuhan/",
        "source_name": "KPPIP",
        "scraped_at": "2026-09-14T20:59:13.909687",
        "created_at": "2026-09-14 21:01:23",
        "updated_at": "2026-09-14 21:01:23"
      }
    },
    {
      "type": "Feature",
      "geometry": {
        "type": "Point",
        "coordinates": [
          136.0,
          -4.0
        ]
      },
      "properties": {
        "project_id": "7983b55fb57b7bc1",
        "project_name": "Pengembangan Pelabuhan Sorong Eksisting dan Arar",
        "category": "Transport",
        "status": "Unknown",
        "budget_idr": null,
        "budget_raw": null,
        "contractor": "BUMN Konstruksi / Swasta",
        "funding_scheme": "KPBU / Penugasan BUMN",
        "pjpk": "Kementerian Perhubungan (Ditjen Hubla) / PT Pelindo",
        "province": "Lintas Provinsi",
        "regency": null,
        "geocode_method": "exact_kabupaten",
        "source_url": "https://kppip.go.id/proyek-strategis-nasional/pelabuhan/",
        "source_name": "KPPIP",
        "scraped_at": "2026-09-14T20:59:13.909687",
        "created_at": "2026-09-14 21:01:23",
        "updated_at": "2026-09-14 21:01:23"
      }
    },
    {
      "type": "Feature",
      "geometry": {
        "type": "Point",
        "coordinates": [
          118.0149,
          -2.5489
        ]
      },
      "properties": {
        "project_id": "b3f44dcedf91d1b7",
        "project_name": "Pengembangan Teknologi Produksi IVO dan Bensin Sawit dengan Katalis Merah Putih yang Terintegrasi dengan Kebun Rakyat",
        "category": "Transport",
        "status": "Unknown",
        "budget_idr": null,
        "budget_raw": null,
        "contractor": "BUMN Konstruksi / Swasta",
        "funding_scheme": "APBN / KPBU",
        "pjpk": "Kementerian / Lembaga Terkait",
        "province": "Nasional",
        "regency": null,
        "geocode_method": "national_fallback",
        "source_url": "https://kppip.go.id/proyek-strategis-nasional/teknologi/",
        "source_name": "KPPIP",
        "scraped_at": "2026-09-14T20:59:13.909687",
        "created_at": "2026-09-14 21:01:23",
        "updated_at": "2026-09-14 21:01:23"
      }
    },
    {
      "type": "Feature",
      "geometry": {
        "type": "Point",
        "coordinates": [
          118.0149,
          -2.5489
        ]
      },
      "properties": {
        "project_id": "06b146aefc172e47",
        "project_name": "Pengembangan lndustri Garam",
        "category": "Transport",
        "status": "Unknown",
        "budget_idr": null,
        "budget_raw": null,
        "contractor": "BUMN Konstruksi / Swasta",
        "funding_scheme": "APBN / KPBU",
        "pjpk": "Kementerian / Lembaga Terkait",
        "province": "Nasional",
        "regency": null,
        "geocode_method": "national_fallback",
        "source_url": "https://kppip.go.id/proyek-strategis-nasional/teknologi/",
        "source_name": "KPPIP",
        "scraped_at": "2026-09-14T20:59:13.909687",
        "created_at": "2026-09-14 21:01:23",
        "updated_at": "2026-09-14 21:01:23"
      }
    },
    {
      "type": "Feature",
      "geometry": {
        "type": "Point",
        "coordinates": [
          121.4,
          -1.4167
        ]
      },
      "properties": {
        "project_id": "7ab9718afcd815d3",
        "project_name": "Pengembangan pelabuhan Palu (Pantoloan, Teluk Palu)",
        "category": "Transport",
        "status": "Unknown",
        "budget_idr": null,
        "budget_raw": null,
        "contractor": "BUMN Konstruksi / Swasta",
        "funding_scheme": "KPBU / Penugasan BUMN",
        "pjpk": "Kementerian Perhubungan (Ditjen Hubla) / PT Pelindo",
        "province": "Sulawesi Tengah",
        "regency": null,
        "geocode_method": "exact_kabupaten",
        "source_url": "https://kppip.go.id/proyek-strategis-nasional/pelabuhan/",
        "source_name": "KPPIP",
        "scraped_at": "2026-09-14T20:59:13.909687",
        "created_at": "2026-09-14 21:01:23",
        "updated_at": "2026-09-14 21:01:23"
      }
    },
    {
      "type": "Feature",
      "geometry": {
        "type": "Point",
        "coordinates": [
          124.8421,
          1.4748
        ]
      },
      "properties": {
        "project_id": "74d9f35faab171db",
        "project_name": "Pengembangan pelabuhan hub internasional Bitung",
        "category": "Transport",
        "status": "Unknown",
        "budget_idr": null,
        "budget_raw": null,
        "contractor": "BUMN Konstruksi / Swasta",
        "funding_scheme": "KPBU / Penugasan BUMN",
        "pjpk": "Kementerian Perhubungan (Ditjen Hubla) / PT Pelindo",
        "province": "Sulawesi Utara",
        "regency": null,
        "geocode_method": "exact_kabupaten",
        "source_url": "https://kppip.go.id/proyek-strategis-nasional/pelabuhan/",
        "source_name": "KPPIP",
        "scraped_at": "2026-09-14T20:59:13.909687",
        "created_at": "2026-09-14 21:01:23",
        "updated_at": "2026-09-14 21:01:23"
      }
    },
    {
      "type": "Feature",
      "geometry": {
        "type": "Point",
        "coordinates": [
          99.5451,
          2.1154
        ]
      },
      "properties": {
        "project_id": "7bfeb4e07e2de1cc",
        "project_name": "Pengembangan pelabuhan hub internasional Kuala Tanjung",
        "category": "Transport",
        "status": "Unknown",
        "budget_idr": null,
        "budget_raw": null,
        "contractor": "BUMN Konstruksi / Swasta",
        "funding_scheme": "KPBU / Penugasan BUMN",
        "pjpk": "Kementerian Perhubungan (Ditjen Hubla) / PT Pelindo",
        "province": "Sumatera Utara",
        "regency": null,
        "geocode_method": "province_fallback",
        "source_url": "https://kppip.go.id/proyek-strategis-nasional/pelabuhan/",
        "source_name": "KPPIP",
        "scraped_at": "2026-09-14T20:59:13.909687",
        "created_at": "2026-09-14 21:01:23",
        "updated_at": "2026-09-14 21:01:23"
      }
    },
    {
      "type": "Feature",
      "geometry": {
        "type": "Point",
        "coordinates": [
          115.1889,
          -8.4095
        ]
      },
      "properties": {
        "project_id": "9bbb2bfb3f3e64ba",
        "project_name": "Penyelenggaraan Angkutan Massal Berbasis Rel Wilayah Badung – Buleleng",
        "category": "Transport",
        "status": "Unknown",
        "budget_idr": null,
        "budget_raw": null,
        "contractor": "BUMN Konstruksi / Swasta",
        "funding_scheme": "APBN / KPBU",
        "pjpk": "Kementerian / Lembaga Terkait",
        "province": "Bali",
        "regency": null,
        "geocode_method": "province_fallback",
        "source_url": "https://kppip.go.id/proyek-strategis-nasional/kereta/",
        "source_name": "KPPIP",
        "scraped_at": "2026-09-14T20:59:13.909687",
        "created_at": "2026-09-14 21:01:23",
        "updated_at": "2026-09-14 21:01:23"
      }
    },
    {
      "type": "Feature",
      "geometry": {
        "type": "Point",
        "coordinates": [
          106.8456,
          -6.2088
        ]
      },
      "properties": {
        "project_id": "6c0d49726bd9afc2",
        "project_name": "Penyelenggaraan Kereta Api Ringan/Light Rail Transit (LRT) Terintegrasi di Wilayah Jakarta, Bogor, Depok dan Bekasi",
        "category": "Transport",
        "status": "Unknown",
        "budget_idr": null,
        "budget_raw": null,
        "contractor": "BUMN Konstruksi / Swasta",
        "funding_scheme": "APBN & Pinjaman Luar Negeri / SBSN",
        "pjpk": "Kementerian Perhubungan (Ditjen Perkeretaapian)",
        "province": "Lintas Provinsi",
        "regency": null,
        "geocode_method": "hardcoded",
        "source_url": "https://kppip.go.id/proyek-strategis-nasional/kereta/",
        "source_name": "KPPIP",
        "scraped_at": "2026-09-14T20:59:13.909687",
        "created_at": "2026-09-14 21:01:23",
        "updated_at": "2026-09-14 21:01:23"
      }
    },
    {
      "type": "Feature",
      "geometry": {
        "type": "Point",
        "coordinates": [
          118.0149,
          -2.5489
        ]
      },
      "properties": {
        "project_id": "ee78c9ebacda71b8",
        "project_name": "Percepatan Pembangunan Technopark",
        "category": "Transport",
        "status": "Construction",
        "budget_idr": null,
        "budget_raw": null,
        "contractor": "BUMN Konstruksi / Swasta",
        "funding_scheme": "APBN / KPBU",
        "pjpk": "Kementerian / Lembaga Terkait",
        "province": "Nasional",
        "regency": null,
        "geocode_method": "national_fallback",
        "source_url": "https://kppip.go.id/proyek-strategis-nasional/teknologi/",
        "source_name": "KPPIP",
        "scraped_at": "2026-09-14T20:59:13.909687",
        "created_at": "2026-09-14 21:01:23",
        "updated_at": "2026-09-14 21:01:23"
      }
    },
    {
      "type": "Feature",
      "geometry": {
        "type": "Point",
        "coordinates": [
          106.8456,
          -6.2088
        ]
      },
      "properties": {
        "project_id": "32306f79bd2f780f",
        "project_name": "Percepatan infrastruktur transportasi, listrik, dan air bersih untuk 10 kawasan strategis pariwisata nasional (KSPN) Prioritas Danau Toba, Pulau Seribu, Tanjung Lesung dan 7 kawasan lainnya",
        "category": "Transport",
        "status": "Unknown",
        "budget_idr": null,
        "budget_raw": null,
        "contractor": "BUMN Konstruksi / Swasta",
        "funding_scheme": "IPP Swasta / PT PLN (Persero)",
        "pjpk": "Kementerian Perhubungan (Ditjen Hubla) / PT Pelindo",
        "province": "Lintas Provinsi",
        "regency": null,
        "geocode_method": "hardcoded",
        "source_url": "https://kppip.go.id/proyek-strategis-nasional/pariwisata/",
        "source_name": "KPPIP",
        "scraped_at": "2026-09-14T20:59:13.909687",
        "created_at": "2026-09-14 21:01:23",
        "updated_at": "2026-09-14 21:01:23"
      }
    },
    {
      "type": "Feature",
      "geometry": {
        "type": "Point",
        "coordinates": [
          136.0,
          -4.0
        ]
      },
      "properties": {
        "project_id": "3540e82c82a63a8a",
        "project_name": "Proyek Tangguh LNG Train 3",
        "category": "Energy",
        "status": "Unknown",
        "budget_idr": null,
        "budget_raw": null,
        "contractor": "BUMN Konstruksi / Swasta",
        "funding_scheme": "IPP Swasta / PT PLN (Persero)",
        "pjpk": "Kementerian ESDM / PT PLN (Persero)",
        "province": "Lintas Provinsi",
        "regency": null,
        "geocode_method": "exact_kabupaten",
        "source_url": "https://kppip.go.id/proyek-strategis-nasional/energi/",
        "source_name": "KPPIP",
        "scraped_at": "2026-09-14T20:59:13.909687",
        "created_at": "2026-09-14 21:01:23",
        "updated_at": "2026-09-14 21:01:23"
      }
    },
    {
      "type": "Feature",
      "geometry": {
        "type": "Point",
        "coordinates": [
          110.1403,
          -7.151
        ]
      },
      "properties": {
        "project_id": "f544ebb40022e62b",
        "project_name": "Rehabilitasi Jaringan Irigasi DI. Glapan",
        "category": "Water",
        "status": "Unknown",
        "budget_idr": null,
        "budget_raw": null,
        "contractor": "BUMN Konstruksi / Swasta",
        "funding_scheme": "APBN (State Budget)",
        "pjpk": "Kementerian PUPR (Ditjen Sumber Daya Air)",
        "province": "Jawa Tengah",
        "regency": null,
        "geocode_method": "province_fallback",
        "source_url": "https://kppip.go.id/proyek-strategis-nasional/bendungan-dan-irigasi/",
        "source_name": "KPPIP",
        "scraped_at": "2026-09-14T20:59:13.909687",
        "created_at": "2026-09-14 21:01:23",
        "updated_at": "2026-09-14 21:01:23"
      }
    },
    {
      "type": "Feature",
      "geometry": {
        "type": "Point",
        "coordinates": [
          107.6191,
          -6.9175
        ]
      },
      "properties": {
        "project_id": "8673fcd15d962c56",
        "project_name": "Rehabilitasi Jaringan Irigasi DI. Rentang",
        "category": "Water",
        "status": "Unknown",
        "budget_idr": null,
        "budget_raw": null,
        "contractor": "BUMN Konstruksi / Swasta",
        "funding_scheme": "APBN (State Budget)",
        "pjpk": "Kementerian PUPR (Ditjen Sumber Daya Air)",
        "province": "Jawa Barat",
        "regency": null,
        "geocode_method": "province_fallback",
        "source_url": "https://kppip.go.id/proyek-strategis-nasional/bendungan-dan-irigasi/",
        "source_name": "KPPIP",
        "scraped_at": "2026-09-14T20:59:13.909687",
        "created_at": "2026-09-14 21:01:23",
        "updated_at": "2026-09-14 21:01:23"
      }
    },
    {
      "type": "Feature",
      "geometry": {
        "type": "Point",
        "coordinates": [
          115.1889,
          -8.4095
        ]
      },
      "properties": {
        "project_id": "f30c06f7ef458248",
        "project_name": "Sistem Penyediaan Air Baku Bendungan Sidan",
        "category": "Water",
        "status": "Unknown",
        "budget_idr": null,
        "budget_raw": null,
        "contractor": "BUMN Konstruksi / Swasta",
        "funding_scheme": "APBN (State Budget)",
        "pjpk": "Kementerian PUPR (Ditjen Sumber Daya Air)",
        "province": "Bali",
        "regency": null,
        "geocode_method": "province_fallback",
        "source_url": "https://kppip.go.id/proyek-strategis-nasional/air-bersih-dan-sanitasi/",
        "source_name": "KPPIP",
        "scraped_at": "2026-09-14T20:59:13.909687",
        "created_at": "2026-09-14 21:01:23",
        "updated_at": "2026-09-14 21:01:23"
      }
    },
    {
      "type": "Feature",
      "geometry": {
        "type": "Point",
        "coordinates": [
          106.064,
          -6.4058
        ]
      },
      "properties": {
        "project_id": "f39edc2c544589e1",
        "project_name": "Sistem Penyediaan Air Baku Karian",
        "category": "Water",
        "status": "Unknown",
        "budget_idr": null,
        "budget_raw": null,
        "contractor": "BUMN Konstruksi / Swasta",
        "funding_scheme": "APBN / KPBU",
        "pjpk": "Kementerian PUPR (Ditjen Sumber Daya Air)",
        "province": "Banten",
        "regency": null,
        "geocode_method": "province_fallback",
        "source_url": "https://kppip.go.id/proyek-strategis-nasional/air-bersih-dan-sanitasi/",
        "source_name": "KPPIP",
        "scraped_at": "2026-09-14T20:59:13.909687",
        "created_at": "2026-09-14 21:01:23",
        "updated_at": "2026-09-14 21:01:23"
      }
    },
    {
      "type": "Feature",
      "geometry": {
        "type": "Point",
        "coordinates": [
          105.4068,
          -4.5586
        ]
      },
      "properties": {
        "project_id": "bb11e9aab67d6320",
        "project_name": "Sistem Penyediaan Air Minum (SPAM) Lampung",
        "category": "Water",
        "status": "Unknown",
        "budget_idr": null,
        "budget_raw": null,
        "contractor": "BUMN Konstruksi / Swasta",
        "funding_scheme": "KPBU / APBN Mixed Financing",
        "pjpk": "Kementerian PUPR (Ditjen Cipta Karya)",
        "province": "Lampung",
        "regency": null,
        "geocode_method": "exact_kabupaten",
        "source_url": "https://kppip.go.id/proyek-strategis-nasional/air-bersih-dan-sanitasi/",
        "source_name": "KPPIP",
        "scraped_at": "2026-09-14T20:59:13.909687",
        "created_at": "2026-09-14 21:01:23",
        "updated_at": "2026-09-14 21:01:23"
      }
    },
    {
      "type": "Feature",
      "geometry": {
        "type": "Point",
        "coordinates": [
          102.2655,
          -3.8004
        ]
      },
      "properties": {
        "project_id": "bf577cbc42f93b28",
        "project_name": "Sistem Penyediaan Air Minum (SPAM) Regional Benteng-Kobema (Bengkulu Tengah, Kota Bengkulu dan Seluma)",
        "category": "Water",
        "status": "Unknown",
        "budget_idr": null,
        "budget_raw": null,
        "contractor": "BUMN Konstruksi / Swasta",
        "funding_scheme": "KPBU / APBN Mixed Financing",
        "pjpk": "Kementerian PUPR (Ditjen Cipta Karya)",
        "province": "Bengkulu",
        "regency": null,
        "geocode_method": "exact_kabupaten",
        "source_url": "https://kppip.go.id/proyek-strategis-nasional/air-bersih-dan-sanitasi/",
        "source_name": "KPPIP",
        "scraped_at": "2026-09-14T20:59:13.909687",
        "created_at": "2026-09-14 21:01:23",
        "updated_at": "2026-09-14 21:01:23"
      }
    },
    {
      "type": "Feature",
      "geometry": {
        "type": "Point",
        "coordinates": [
          107.6191,
          -6.9175
        ]
      },
      "properties": {
        "project_id": "10792be5e310eb3b",
        "project_name": "Sistem Penyediaan Air Minum (SPAM) Regional Jatigede",
        "category": "Water",
        "status": "Unknown",
        "budget_idr": null,
        "budget_raw": null,
        "contractor": "BUMN Konstruksi / Swasta",
        "funding_scheme": "KPBU / APBN Mixed Financing",
        "pjpk": "Kementerian PUPR (Ditjen Cipta Karya)",
        "province": "Jawa Barat",
        "regency": null,
        "geocode_method": "province_fallback",
        "source_url": "https://kppip.go.id/proyek-strategis-nasional/air-bersih-dan-sanitasi/",
        "source_name": "KPPIP",
        "scraped_at": "2026-09-14T20:59:13.909687",
        "created_at": "2026-09-14 21:01:23",
        "updated_at": "2026-09-14 21:01:23"
      }
    },
    {
      "type": "Feature",
      "geometry": {
        "type": "Point",
        "coordinates": [
          107.6191,
          -6.9175
        ]
      },
      "properties": {
        "project_id": "6f2397f7ab70b654",
        "project_name": "Sistem Penyediaan Air Minum (SPAM) Regional Jatiluhur",
        "category": "Water",
        "status": "Unknown",
        "budget_idr": null,
        "budget_raw": null,
        "contractor": "BUMN Konstruksi / Swasta",
        "funding_scheme": "KPBU / APBN Mixed Financing",
        "pjpk": "Kementerian PUPR (Ditjen Cipta Karya)",
        "province": "Jawa Barat",
        "regency": null,
        "geocode_method": "province_fallback",
        "source_url": "https://kppip.go.id/proyek-strategis-nasional/air-bersih-dan-sanitasi/",
        "source_name": "KPPIP",
        "scraped_at": "2026-09-14T20:59:13.909687",
        "created_at": "2026-09-14 21:01:23",
        "updated_at": "2026-09-14 21:01:23"
      }
    },
    {
      "type": "Feature",
      "geometry": {
        "type": "Point",
        "coordinates": [
          110.3695,
          -7.7956
        ]
      },
      "properties": {
        "project_id": "30322c66ae138762",
        "project_name": "Sistem Penyediaan Air Minum (SPAM) Regional Kamijoro (Bantul, Kulon Progo)",
        "category": "Water",
        "status": "Unknown",
        "budget_idr": null,
        "budget_raw": null,
        "contractor": "BUMN Konstruksi / Swasta",
        "funding_scheme": "KPBU / APBN Mixed Financing",
        "pjpk": "Kementerian PUPR (Ditjen Cipta Karya)",
        "province": "DI Yogyakarta",
        "regency": null,
        "geocode_method": "exact_kabupaten",
        "source_url": "https://kppip.go.id/proyek-strategis-nasional/air-bersih-dan-sanitasi/",
        "source_name": "KPPIP",
        "scraped_at": "2026-09-14T20:59:13.909687",
        "created_at": "2026-09-14 21:01:23",
        "updated_at": "2026-09-14 21:01:23"
      }
    },
    {
      "type": "Feature",
      "geometry": {
        "type": "Point",
        "coordinates": [
          106.8456,
          -6.2088
        ]
      },
      "properties": {
        "project_id": "6806d2eb3b63968e",
        "project_name": "Sistem Penyediaan Air Minum (SPAM) Regional Karian-Serpong",
        "category": "Water",
        "status": "Unknown",
        "budget_idr": null,
        "budget_raw": null,
        "contractor": "BUMN Konstruksi / Swasta",
        "funding_scheme": "KPBU / APBN Mixed Financing",
        "pjpk": "Kementerian PUPR (Ditjen Cipta Karya)",
        "province": "Lintas Provinsi",
        "regency": null,
        "geocode_method": "hardcoded",
        "source_url": "https://kppip.go.id/proyek-strategis-nasional/air-bersih-dan-sanitasi/",
        "source_name": "KPPIP",
        "scraped_at": "2026-09-14T20:59:13.909687",
        "created_at": "2026-09-14 21:01:23",
        "updated_at": "2026-09-14 21:01:23"
      }
    },
    {
      "type": "Feature",
      "geometry": {
        "type": "Point",
        "coordinates": [
          110.1403,
          -7.151
        ]
      },
      "properties": {
        "project_id": "af8e04924089d192",
        "project_name": "Sistem Penyediaan Air Minum (SPAM) Regional Wasusokas",
        "category": "Water",
        "status": "Unknown",
        "budget_idr": null,
        "budget_raw": null,
        "contractor": "BUMN Konstruksi / Swasta",
        "funding_scheme": "KPBU / APBN Mixed Financing",
        "pjpk": "Kementerian PUPR (Ditjen Cipta Karya)",
        "province": "Jawa Tengah",
        "regency": null,
        "geocode_method": "province_fallback",
        "source_url": "https://kppip.go.id/proyek-strategis-nasional/air-bersih-dan-sanitasi/",
        "source_name": "KPPIP",
        "scraped_at": "2026-09-14T20:59:13.909687",
        "created_at": "2026-09-14 21:01:23",
        "updated_at": "2026-09-14 21:01:23"
      }
    },
    {
      "type": "Feature",
      "geometry": {
        "type": "Point",
        "coordinates": [
          110.1403,
          -7.151
        ]
      },
      "properties": {
        "project_id": "d3f13dddeca72cdb",
        "project_name": "Sistem Penyediaan Air Minum (SPAM) Semarang Barat",
        "category": "Water",
        "status": "Unknown",
        "budget_idr": null,
        "budget_raw": null,
        "contractor": "BUMN Konstruksi / Swasta",
        "funding_scheme": "KPBU / APBN Mixed Financing",
        "pjpk": "Kementerian PUPR (Ditjen Cipta Karya)",
        "province": "Jawa Tengah",
        "regency": null,
        "geocode_method": "province_fallback",
        "source_url": "https://kppip.go.id/proyek-strategis-nasional/air-bersih-dan-sanitasi/",
        "source_name": "KPPIP",
        "scraped_at": "2026-09-14T20:59:13.909687",
        "created_at": "2026-09-14 21:01:23",
        "updated_at": "2026-09-14 21:01:23"
      }
    },
    {
      "type": "Feature",
      "geometry": {
        "type": "Point",
        "coordinates": [
          112.2384,
          -7.5361
        ]
      },
      "properties": {
        "project_id": "fe9551aba5cb592c",
        "project_name": "Sistem Penyediaan Air Minum (SPAM) Umbulan",
        "category": "Water",
        "status": "Unknown",
        "budget_idr": null,
        "budget_raw": null,
        "contractor": "BUMN Konstruksi / Swasta",
        "funding_scheme": "KPBU / APBN Mixed Financing",
        "pjpk": "Kementerian PUPR (Ditjen Cipta Karya)",
        "province": "Jawa Timur",
        "regency": null,
        "geocode_method": "province_fallback",
        "source_url": "https://kppip.go.id/proyek-strategis-nasional/air-bersih-dan-sanitasi/",
        "source_name": "KPPIP",
        "scraped_at": "2026-09-14T20:59:13.909687",
        "created_at": "2026-09-14 21:01:23",
        "updated_at": "2026-09-14 21:01:23"
      }
    },
    {
      "type": "Feature",
      "geometry": {
        "type": "Point",
        "coordinates": [
          106.8456,
          -6.2088
        ]
      },
      "properties": {
        "project_id": "ff4ca0ee18456c7f",
        "project_name": "Tanggul Pantai",
        "category": "Water",
        "status": "Unknown",
        "budget_idr": null,
        "budget_raw": null,
        "contractor": "BUMN Konstruksi / Swasta",
        "funding_scheme": "APBN / KPBU",
        "pjpk": "Kementerian PUPR (Ditjen SDA) / Pemprov DKI Jakarta",
        "province": "DKI Jakarta",
        "regency": "Jakarta Utara (Pantura)",
        "geocode_method": "hardcoded",
        "source_url": "https://kppip.go.id/proyek-strategis-nasional/tanggul-pantai/",
        "source_name": "KPPIP",
        "scraped_at": "2026-09-14T20:59:13.909687",
        "created_at": "2026-09-14 21:01:23",
        "updated_at": "2026-09-14 21:01:23"
      }
    },
    {
      "type": "Feature",
      "geometry": {
        "type": "Point",
        "coordinates": [
          121.0794,
          -8.6574
        ]
      },
      "properties": {
        "project_id": "204597028b06c5af",
        "project_name": "Terminal Multipurpose Labuan Bajo",
        "category": "Transport",
        "status": "Unknown",
        "budget_idr": null,
        "budget_raw": null,
        "contractor": "BUMN Konstruksi / Swasta",
        "funding_scheme": "APBN / KPBU",
        "pjpk": "Kementerian / Lembaga Terkait",
        "province": "Nusa Tenggara Timur",
        "regency": null,
        "geocode_method": "province_fallback",
        "source_url": "https://kppip.go.id/proyek-strategis-nasional/pelabuhan/",
        "source_name": "KPPIP",
        "scraped_at": "2026-09-14T20:59:13.909687",
        "created_at": "2026-09-14 21:01:23",
        "updated_at": "2026-09-14 21:01:23"
      }
    },
    {
      "type": "Feature",
      "geometry": {
        "type": "Point",
        "coordinates": [
          101.4,
          0.5
        ]
      },
      "properties": {
        "project_id": "0ef12e351f5032a1",
        "project_name": "Transmisi Sumatera 500 kV",
        "category": "Energy",
        "status": "Unknown",
        "budget_idr": null,
        "budget_raw": null,
        "contractor": "BUMN Konstruksi / Swasta",
        "funding_scheme": "IPP Swasta / PT PLN (Persero)",
        "pjpk": "Kementerian ESDM / PT PLN (Persero)",
        "province": "Sumatera (Lintas Provinsi)",
        "regency": null,
        "geocode_method": "hardcoded",
        "source_url": "https://kppip.go.id/proyek-strategis-nasional/x-program-pembangunan-infrastruktur-ketenagalistrikan/",
        "source_name": "KPPIP",
        "scraped_at": "2026-09-14T20:59:13.909687",
        "created_at": "2026-09-14 21:01:23",
        "updated_at": "2026-09-14 21:01:23"
      }
    },
    {
      "type": "Feature",
      "geometry": {
        "type": "Point",
        "coordinates": [
          107.6191,
          -6.9175
        ]
      },
      "properties": {
        "project_id": "ab28d76249f35ce5",
        "project_name": "Upgrading Kilang Eksisting (RDMP) dan Industri Petrokimia Balongan",
        "category": "Energy",
        "status": "Unknown",
        "budget_idr": null,
        "budget_raw": null,
        "contractor": "BUMN Konstruksi / Swasta",
        "funding_scheme": "Penugasan BUMN / Swasta (KKS)",
        "pjpk": "Kementerian ESDM / PT Pertamina (Persero)",
        "province": "Jawa Barat",
        "regency": null,
        "geocode_method": "province_fallback",
        "source_url": "https://kppip.go.id/proyek-strategis-nasional/energi/",
        "source_name": "KPPIP",
        "scraped_at": "2026-09-14T20:59:13.909687",
        "created_at": "2026-09-14 21:01:23",
        "updated_at": "2026-09-14 21:01:23"
      }
    },
    {
      "type": "Feature",
      "geometry": {
        "type": "Point",
        "coordinates": [
          101.7068,
          0.2933
        ]
      },
      "properties": {
        "project_id": "09bde389bc8a2d22",
        "project_name": "Upgrading kilang-kilang eksisting (RDMP)",
        "category": "Energy",
        "status": "Unknown",
        "budget_idr": null,
        "budget_raw": null,
        "contractor": "BUMN Konstruksi / Swasta",
        "funding_scheme": "Penugasan BUMN / Swasta (KKS)",
        "pjpk": "Kementerian ESDM / PT Pertamina (Persero)",
        "province": "Lintas Provinsi",
        "regency": null,
        "geocode_method": "exact_kabupaten",
        "source_url": "https://kppip.go.id/proyek-strategis-nasional/energi/",
        "source_name": "KPPIP",
        "scraped_at": "2026-09-14T20:59:13.909687",
        "created_at": "2026-09-14 21:01:23",
        "updated_at": "2026-09-14 21:01:23"
      }
    }
  ],
  "metadata": {
    "total_features": 216,
    "unresolved_count": 1,
    "source": "Coffee Civil News Bot – Phase 1 Pipeline"
  }
}